1,255
2,255
3,255
4,255
5,255
6,nan
7,nan
8,255
9,nan
10,nan
11,nan
12,255
13,nan
14,255
15,nan
16,nan
17,nan
18,255
19,nan
20,255
21,255
22,255
23,nan
24,nan
25,255
26,255
27,nan
28,nan
29,nan
30,nan
31,nan
32,nan
33,255
34,nan
35,nan
36,255
37,nan
38,nan
39,nan
40,nan
41,nan
42,nan
43,nan
44,nan
45,255
46,255
47,255
48,nan
49,nan
50,nan
51,nan
52,nan
53,nan
54,nan
55,nan
56,255
57,nan
58,nan
59,nan
60,nan
61,255
62,nan
63,255
64,nan
65,nan
66,nan
67,nan
68,255
69,nan
70,nan
71,110
72,nan
73,255
74,nan
75,nan
76,nan
77,nan
78,nan
79,255
80,nan
81,255
82,255
83,255
84,255
85,255
86,nan
87,255
88,255
89,255
90,nan
91,nan
92,nan
93,nan
94,255
95,255
96,nan
97,255
98,nan
99,nan
100,nan
101,255
102,nan
103,nan
104,nan
105,255
106,nan
107,nan
108,nan
109,nan
110,nan
111,nan
112,nan
113,255
114,nan
115,nan
116,nan
117,nan
118,255
119,255
120,nan
121,nan
122,nan
123,nan
124,nan
125,255
126,nan
127,nan
128,nan
129,255
130,255
131,255
132,255
133,nan
134,nan
135,nan
136,nan
137,nan
138,nan
139,nan
140,nan
141,nan
142,nan
143,nan
144,nan
145,nan
146,nan
147,nan
148,255
149,nan
150,nan
151,nan
152,nan
153,nan
154,nan
155,nan
156,nan
157,nan
158,nan
159,nan
160,nan
161,nan
162,nan
163,nan
164,255
165,255
166,nan
167,nan
168,nan
169,nan
170,nan
171,nan
172,nan
173,nan
174,nan
175,nan
176,nan
177,nan
178,nan
179,nan
180,nan
181,nan
182,nan
183,nan
184,nan
185,nan
186,255
187,nan
188,nan
189,nan
190,18
191,47
192,nan
193,nan
194,nan
195,nan
196,nan
197,nan
198,nan
199,nan
200,nan
201,nan
202,nan
203,nan
204,nan
205,nan
206,nan
207,nan
208,nan
209,nan
210,nan
211,nan
212,nan
213,nan
214,nan
215,nan
216,nan
217,nan
218,nan
219,nan
220,255
221,nan
222,nan
223,nan
224,nan
225,nan
226,nan
227,nan
228,nan
229,nan
230,nan
231,nan
232,nan
233,nan
234,nan
235,nan
236,nan
237,nan
238,nan
239,nan
240,nan
241,nan
242,nan
243,nan
244,nan
245,nan
246,nan
247,nan
248,nan
249,nan
250,nan
251,nan
252,nan
253,nan
254,nan
255,nan
256,nan
257,nan
258,nan
259,nan
260,nan
261,nan
262,nan
263,nan
264,nan
265,nan
266,nan
267,nan
268,nan
269,nan
270,nan
271,nan
272,nan
273,nan
274,nan
275,nan
276,nan
277,nan
278,nan
279,nan
280,nan
281,nan
282,nan
283,nan
284,nan
285,nan
286,nan
287,nan
288,nan
289,nan
290,nan
291,nan
292,nan
293,255
294,255
295,255
296,255
297,nan
298,nan
299,nan
300,nan
301,nan
302,nan
303,nan
304,nan
305,nan
306,nan
307,nan
308,nan
309,nan
310,nan
311,nan
312,nan
313,nan
314,nan
315,nan
316,nan
317,nan
318,nan
319,nan
320,nan
321,255
322,nan
323,255
324,155
325,255
326,115
327,nan
328,255
329,nan
330,nan
331,nan
332,nan
333,nan
334,nan
335,nan
336,17
337,nan
338,nan
339,nan
340,38
341,nan
342,nan
343,2
344,nan
345,nan
346,24
347,nan
348,nan
349,nan
350,nan
351,nan
352,nan
353,nan
354,255
355,nan
356,255
357,nan
358,nan
359,255
360,nan
361,nan
362,nan
363,255
364,nan
365,255
366,255
367,255
368,nan
369,255
370,255
371,nan
372,255
373,nan
374,nan
375,nan
376,255
377,nan
378,nan
379,nan
380,nan
381,nan
382,nan
383,nan
384,nan
385,nan
386,nan
387,nan
388,nan
389,nan
390,nan
391,nan
392,nan
393,nan
394,36
395,nan
396,nan
397,nan
398,47
399,nan
400,151
401,nan
402,252
403,nan
404,nan
405,nan
406,nan
407,nan
408,nan
409,nan
410,nan
411,nan
412,nan
413,nan
414,nan
415,nan
416,nan
417,nan
418,nan
419,nan
420,nan
421,nan
422,255
423,nan
424,nan
425,nan
426,nan
427,nan
428,nan
429,nan
430,nan
431,nan
432,nan
433,nan
434,nan
435,nan
436,nan
437,nan
438,nan
439,nan
440,nan
441,nan
442,nan
443,nan
444,nan
445,nan
446,nan
447,nan
448,nan
449,nan
450,nan
451,nan
452,255
453,255
454,255
455,255
456,nan
457,nan
458,nan
459,nan
460,nan
461,nan
462,nan
463,nan
464,nan
465,nan
466,nan
467,255
468,255
469,255
470,255
471,nan
472,nan
473,nan
474,nan
475,nan
476,nan
477,nan
478,nan
479,nan
480,nan
481,nan
482,nan
483,nan
484,nan
485,nan
486,nan
487,nan
488,nan
489,nan
490,nan
491,nan
492,nan
493,nan
494,121
495,nan
496,255
497,nan
498,17
499,nan
500,114
501,nan
502,nan
503,nan
504,nan
505,nan
506,nan
507,nan
508,nan
509,nan
510,nan
511,nan
512,nan
513,nan
514,nan
515,nan
516,nan
517,nan
518,nan
519,nan
520,nan
521,nan
522,nan
523,nan
524,nan
525,nan
526,nan
527,nan
528,nan
529,nan
530,nan
531,nan
532,nan
533,nan
534,nan
535,nan
536,nan
537,nan
538,255
539,nan
540,255
541,nan
542,255
543,nan
544,nan
545,255
546,255
547,nan
548,255
549,nan
550,nan
551,nan
552,nan
553,nan
554,nan
555,nan
556,nan
557,nan
558,nan
559,nan
560,nan
561,nan
562,nan
563,nan
564,nan
565,nan
566,nan
567,nan
568,nan
569,nan
570,nan
571,nan
572,nan
573,nan
574,nan
575,nan
576,nan
577,nan
578,nan
579,nan
580,nan
581,nan
582,nan
583,nan
584,nan
585,nan
586,nan
587,nan
588,nan
589,255
590,nan
591,255
592,nan
593,255
594,nan
595,255
596,nan
597,nan
598,nan
599,nan
600,nan
601,nan
602,nan
603,nan
604,nan
605,nan
606,nan
607,nan
608,nan
609,nan
610,nan
611,nan
612,nan
613,nan
614,nan
615,nan
616,nan
617,nan
618,nan
619,nan
620,nan
621,255
622,nan
623,255
624,nan
625,255
626,nan
627,nan
628,nan
629,255
630,nan
631,nan
632,30
633,255
634,255
635,2
636,145
637,nan
638,nan
639,nan
640,nan
641,nan
642,nan
643,nan
644,nan
645,nan
646,nan
647,nan
648,nan
649,nan
650,255
651,255
652,255
653,255
654,255
655,nan
656,nan
657,nan
658,nan
659,nan
660,7
661,nan
662,nan
663,120
664,nan
665,nan
666,3
667,nan
668,107
669,nan
670,nan
671,nan
672,nan
673,nan
674,nan
675,255
676,nan
677,255
678,nan
679,nan
680,nan
681,nan
682,nan
683,nan
684,nan
685,nan
686,255
687,nan
688,nan
689,nan
690,nan
691,nan
692,nan
693,nan
694,nan
695,255
696,255
697,255
698,255
699,nan
700,nan
701,nan
702,nan
703,nan
704,nan
705,nan
706,nan
707,nan
708,nan
709,nan
710,nan
711,nan
712,nan
713,nan
714,nan
715,nan
716,nan
717,nan
718,nan
719,nan
720,255
721,255
722,nan
723,nan
724,255
725,nan
726,255
727,255
728,nan
729,255
730,nan
731,nan
732,225
733,255
734,255
735,255
736,255
737,255
738,nan
739,nan
740,255
741,nan
742,nan
743,255
744,nan
745,255
746,nan
747,255
748,nan
749,nan
750,nan
751,255
752,255
753,nan
754,nan
755,255
756,nan
757,nan
758,255
759,nan
760,nan
761,255
762,nan
763,nan
764,255
765,nan
766,nan
767,nan
768,nan
769,nan
770,nan
771,nan
772,nan
773,nan
774,nan
775,nan
776,nan
777,nan
778,nan
779,nan
780,nan
781,255
782,nan
783,nan
784,255
785,nan
786,nan
787,255
788,nan
789,nan
790,255
791,255
792,nan
793,255
794,255
795,255
796,nan
797,nan
798,255
799,nan
800,255
801,nan
802,255
803,255
804,255
805,255
806,nan
807,255
808,255
809,255
810,255
811,nan
812,255
813,nan
814,255
815,255
816,255
817,nan
818,255
819,nan
820,255
821,255
822,255
823,nan
824,255
825,255
826,255
827,255
828,255
829,255
830,255
831,255
832,255
833,255
834,255
835,255
836,255
837,nan
838,nan
839,255
840,nan
841,nan
842,255
843,nan
844,nan
845,255
846,nan
847,255
848,nan
849,255
850,nan
851,nan
852,255
853,nan
854,255
855,nan
856,255
857,255
858,nan
859,nan
860,255
861,nan
862,nan
863,nan
864,nan
865,255
866,255
867,nan
868,255
869,255
870,nan
871,255
872,255
873,255
874,nan
875,255
876,255
877,nan
878,nan
879,nan
880,11
881,255
882,255
883,nan
884,nan
885,nan
886,nan
887,nan
888,255
889,nan
890,nan
891,255
892,255
893,255
894,255
895,nan
896,255
897,nan
898,255
899,nan
900,255
901,255
902,255
903,nan
904,255
905,255
906,nan
907,nan
908,255
909,255
910,nan
911,nan
912,255
913,nan
914,nan
915,255
916,nan
917,255
918,255
919,255
920,nan
921,nan
922,nan
923,255
924,nan
925,255
926,255
927,255
928,nan
929,nan
930,nan
931,nan
932,255
933,255
934,nan
935,nan
936,255
937,nan
938,255
939,255
940,255
941,255
942,255
943,255
944,255
945,255
946,255
947,255
948,255
949,nan
950,nan
951,255
952,255
953,nan
954,nan
955,255
956,nan
957,nan
958,nan
959,16
960,255
961,nan
962,255
963,nan
964,nan
965,255
966,255
967,nan
968,255
969,255
970,nan
971,255
972,nan
973,255
974,nan
975,255
976,nan
977,255
978,255
979,255
980,nan
981,nan
982,255
983,255
984,255
985,255
986,255
987,255
988,255
989,255
990,255
991,255
992,255
993,255
994,255
995,255
996,255
997,255
998,nan
999,255
1000,255
1001,255
1002,255
1003,255
1004,255
1005,255
1006,255
1007,nan
1008,nan
1009,255
1010,nan
1011,255
1012,nan
1013,255
1014,255
1015,255
1016,255
1017,255
1018,255
1019,255
1020,255
1021,nan
1022,nan
1023,nan
1024,nan
1025,255
1026,255
1027,255
1028,nan
1029,255
1030,255
1031,255
1032,nan
1033,255
1034,255
1035,255
1036,255
1037,255
1038,nan
1039,255
1040,nan
1041,nan
1042,nan
1043,nan
1044,255
1045,nan
1046,nan
1047,255
1048,nan
1049,255
1050,nan
1051,255
1052,255
1053,255
1054,255
1055,255
1056,nan
1057,255
1058,nan
1059,255
1060,255
1061,255
1062,255
1063,255
1064,255
1065,255
1066,255
1067,nan
1068,nan
1069,nan
1070,nan
1071,nan
1072,nan
1073,nan
1074,255
1075,255
1076,nan
1077,255
1078,255
1079,nan
1080,255
1081,nan
1082,255
1083,nan
1084,255
1085,nan
1086,255
1087,255
1088,255
1089,nan
1090,nan
1091,255
1092,nan
1093,nan
1094,nan
1095,nan
1096,nan
1097,nan
1098,nan
1099,nan
1100,nan
1101,nan
1102,nan
1103,nan
1104,nan
1105,nan
1106,nan
1107,255
1108,nan
1109,255
1110,nan
1111,nan
1112,255
1113,255
1114,255
1115,255
1116,nan
1117,nan
1118,nan
1119,nan
1120,255
1121,255
1122,nan
1123,255
1124,255
1125,255
1126,255
1127,255
1128,255
1129,255
1130,255
1131,255
1132,255
1133,255
1134,nan
1135,255
1136,255
1137,nan
1138,255
1139,255
1140,nan
1141,255
1142,255
1143,255
1144,255
1145,255
1146,255
1147,255
1148,255
1149,255
1150,255
1151,nan
1152,255
1153,nan
1154,255
1155,5
1156,255
1157,139
1158,255
1159,1
1160,255
1161,13
1162,255
1163,255
1164,255
1165,nan
1166,nan
1167,nan
1168,255
1169,255
1170,255
1171,255
1172,255
1173,255
1174,255
1175,255
1176,255
1177,255
1178,nan
1179,255
1180,255
1181,255
1182,255
1183,255
1184,255
1185,255
1186,255
1187,255
1188,nan
1189,nan
1190,nan
1191,255
1192,4
1193,nan
1194,nan
1195,255
1196,nan
1197,255
1198,nan
1199,19
1200,nan
1201,255
1202,nan
1203,nan
1204,nan
1205,255
1206,nan
1207,nan
1208,255
1209,255
1210,255
1211,255
1212,255
1213,255
1214,nan
1215,255
1216,255
1217,nan
1218,255
1219,nan
1220,nan
1221,255
1222,nan
1223,255
1224,255
1225,nan
1226,255
1227,nan
1228,255
1229,nan
1230,255
1231,255
1232,nan
1233,nan
1234,255
1235,255
1236,255
1237,255
1238,255
1239,255
1240,255
1241,255
1242,nan
1243,nan
1244,nan
1245,nan
1246,nan
1247,255
1248,252
1249,255
1250,255
1251,nan
1252,255
1253,255
1254,nan
1255,255
1256,nan
1257,nan
1258,255
1259,255
1260,255
1261,255
1262,255
1263,255
1264,255
1265,255
1266,255
1267,255
1268,nan
1269,255
1270,255
1271,255
1272,255
1273,255
1274,nan
1275,255
1276,nan
1277,255
1278,nan
1279,nan
1280,255
1281,255
1282,nan
1283,nan
1284,nan
1285,nan
1286,255
1287,255
1288,255
1289,255
1290,255
1291,255
1292,255
1293,nan
1294,255
1295,255
1296,nan
1297,255
1298,255
1299,nan
1300,255
1301,255
1302,nan
1303,255
1304,255
1305,255
1306,255
1307,255
1308,255
1309,255
1310,255
1311,255
1312,255
1313,255
1314,255
1315,255
1316,255
1317,255
1318,255
1319,255
1320,255
1321,255
1322,255
1323,nan
1324,nan
1325,nan
1326,nan
1327,255
1328,255
1329,255
1330,255
1331,255
1332,255
1333,255
1334,255
1335,nan
1336,nan
1337,nan
1338,nan
1339,nan
1340,nan
1341,nan
1342,nan
1343,nan
1344,255
1345,255
1346,255
1347,255
1348,255
1349,255
1350,255
1351,255
1352,nan
1353,nan
1354,nan
1355,nan
1356,nan
1357,255
1358,255
1359,255
1360,255
1361,nan
1362,nan
1363,255
1364,nan
1365,255
1366,nan
1367,255
1368,255
1369,nan
1370,255
1371,nan
1372,255
1373,nan
1374,255
1375,255
1376,nan
1377,nan
1378,255
1379,nan
1380,255
1381,nan
1382,255
1383,nan
1384,255
1385,255
1386,255
1387,255
1388,255
1389,255
1390,255
1391,nan
1392,nan
1393,nan
1394,nan
1395,nan
1396,255
1397,255
1398,255
1399,255
1400,255
1401,255
1402,nan
1403,255
1404,nan
1405,255
1406,255
1407,nan
1408,255
1409,nan
1410,252
1411,nan
1412,255
1413,255
1414,255
1415,255
1416,255
1417,nan
1418,nan
1419,nan
1420,255
1421,255
1422,nan
1423,nan
1424,255
1425,255
1426,nan
1427,255
1428,255
1429,255
1430,255
1431,255
1432,nan
1433,nan
1434,255
1435,nan
1436,255
1437,255
1438,255
1439,255
1440,nan
1441,255
1442,255
1443,255
1444,nan
1445,255
1446,nan
1447,255
1448,nan
1449,255
1450,nan
1451,255
1452,nan
1453,nan
1454,nan
1455,nan
1456,nan
1457,nan
1458,nan
1459,nan
1460,255
1461,255
1462,255
1463,255
1464,255
1465,nan
1466,nan
1467,nan
1468,255
1469,255
1470,255
1471,255
1472,nan
1473,255
1474,255
1475,255
1476,nan
1477,nan
1478,nan
1479,255
1480,255
1481,nan
1482,255
1483,nan
1484,255
1485,nan
1486,255
1487,nan
1488,255
1489,65
1490,98
1491,5
1492,nan
1493,42
1494,255
1495,255
1496,110
1497,255
1498,121
1499,255
1500,nan
1501,43
1502,nan
1503,3
1504,nan
1505,74
1506,255
1507,255
1508,255
1509,255
1510,255
1511,255
1512,255
1513,255
1514,86
1515,nan
1516,4
1517,126
1518,nan
1519,255
1520,255
1521,255
1522,255
1523,255
1524,255
1525,255
1526,255
1527,255
1528,255
1529,255
1530,255
1531,255
1532,255
1533,255
1534,255
1535,nan
1536,255
1537,nan
1538,255
1539,255
1540,255
1541,255
1542,nan
1543,255
1544,255
1545,255
1546,26
1547,255
1548,255
1549,255
1550,nan
1551,nan
1552,nan
1553,255
1554,255
1555,255
1556,nan
1557,nan
1558,255
1559,nan
1560,255
1561,255
1562,255
1563,nan
1564,nan
1565,162
1566,nan
1567,255
1568,255
1569,nan
1570,255
1571,nan
1572,nan
1573,nan
1574,nan
1575,255
1576,111
1577,255
1578,255
1579,255
1580,255
1581,255
1582,255
1583,255
1584,nan
1585,255
1586,nan
1587,nan
1588,nan
1589,255
1590,255
1591,255
1592,255
1593,255
1594,255
1595,255
1596,255
1597,255
1598,255
1599,255
1600,nan
1601,255
1602,nan
1603,255
1604,nan
1605,nan
1606,nan
1607,nan
1608,255
1609,255
1610,nan
1611,nan
1612,255
1613,nan
1614,255
1615,nan
1616,255
1617,nan
1618,255
1619,3
1620,nan
1621,10
1622,255
1623,nan
1624,nan
1625,255
1626,nan
1627,nan
1628,nan
1629,nan
1630,nan
1631,nan
1632,255
1633,nan
1634,255
1635,214
1636,224
1637,nan
1638,255
1639,nan
1640,255
1641,nan
1642,nan
1643,nan
1644,nan
1645,nan
1646,nan
1647,nan
1648,nan
1649,nan
1650,255
1651,198
1652,nan
1653,nan
1654,nan
1655,255
1656,nan
1657,nan
1658,nan
1659,nan
1660,243
1661,255
1662,nan
1663,nan
1664,nan
1665,255
1666,nan
1667,nan
1668,255
1669,nan
1670,nan
1671,nan
1672,nan
1673,nan
1674,227
1675,nan
1676,nan
1677,nan
1678,215
1679,204
1680,210
1681,101
1682,221
1683,234
1684,nan
1685,nan
1686,255
1687,nan
1688,nan
1689,207
1690,255
1691,nan
1692,255
1693,nan
1694,nan
1695,142
1696,nan
1697,nan
1698,nan
1699,nan
1700,nan
1701,203
1702,nan
1703,nan
1704,nan
1705,168
1706,255
1707,nan
1708,6
1709,173
1710,221
1711,32
1712,213
1713,181
1714,nan
1715,225
1716,220
1717,nan
1718,nan
1719,150
1720,nan
1721,nan
1722,185
1723,nan
1724,nan
1725,nan
1726,122
1727,184
1728,nan
1729,132
1730,nan
1731,118
1732,116
1733,139
1734,123
1735,nan
1736,nan
1737,73
1738,118
1739,nan
1740,255
1741,nan
1742,nan
1743,nan
1744,137
1745,159
1746,135
1747,129
1748,165
1749,84
1750,nan
1751,nan
1752,71
1753,140
1754,138
1755,nan
1756,148
1757,nan
1758,167
1759,nan
1760,nan
1761,132
1762,255
1763,166
1764,nan
1765,nan
1766,36
1767,110
1768,nan
1769,132
1770,158
1771,114
1772,255
1773,nan
1774,nan
1775,255
1776,nan
1777,221
1778,nan
1779,nan
1780,255
1781,137
1782,255
1783,175
1784,136
1785,nan
1786,112
1787,nan
1788,nan
1789,106
1790,104
1791,114
1792,106
1793,143
1794,nan
1795,148
1796,124
1797,100
1798,72
1799,135
1800,nan
1801,129
1802,126
1803,nan
1804,166
1805,nan
1806,nan
1807,nan
1808,109
1809,nan
1810,69
1811,nan
1812,109
1813,145
1814,115
1815,108
1816,105
1817,115
1818,nan
1819,nan
1820,nan
1821,nan
1822,nan
1823,3
1824,nan
1825,125
1826,104
1827,104
1828,158
1829,nan
1830,nan
1831,nan
1832,nan
1833,129
1834,nan
1835,nan
1836,nan
1837,165
1838,nan
1839,213
1840,114
1841,19
1842,nan
1843,134
1844,99
1845,121
1846,nan
1847,131
1848,45
1849,111
1850,22
1851,3
1852,115
1853,nan
1854,75
1855,135
1856,nan
1857,18
1858,nan
1859,116
1860,122
1861,40
1862,96
1863,nan
1864,21
1865,nan
1866,nan
1867,nan
1868,nan
1869,52
1870,214
1871,173
1872,152
1873,nan
1874,202
1875,215
1876,57
1877,132
1878,34
1879,nan
1880,nan
1881,137
1882,nan
1883,19
1884,116
1885,119
1886,2
1887,nan
1888,nan
1889,4
1890,nan
1891,29
1892,nan
1893,nan
1894,1
1895,nan
1896,15
1897,3
1898,nan
1899,8
1900,5
1901,nan
1902,nan
1903,nan
1904,53
1905,nan
1906,42
1907,nan
1908,nan
1909,nan
1910,nan
1911,47
1912,4
1913,nan
1914,nan
1915,nan
1916,nan
1917,10
1918,5
1919,50
1920,nan
1921,nan
1922,1
1923,35
1924,3
1925,25
1926,255
1927,255
1928,nan
1929,1
1930,nan
1931,37
1932,16
1933,2
1934,nan
1935,nan
1936,19
1937,nan
1938,51
1939,10
1940,11
1941,nan
1942,49
1943,nan
1944,nan
1945,nan
1946,nan
1947,44
1948,nan
1949,3
1950,1
1951,4
1952,52
1953,14
1954,nan
1955,nan
1956,5
1957,nan
1958,nan
1959,nan
1960,42
1961,1
1962,nan
1963,nan
1964,nan
1965,72
1966,nan
1967,1
1968,nan
1969,nan
1970,nan
1971,nan
1972,3
1973,2
1974,21
1975,19
1976,9
1977,nan
1978,2
1979,nan
1980,nan
1981,8
1982,nan
1983,52
1984,nan
1985,53
1986,22
1987,40
1988,15
1989,nan
1990,32
1991,255
1992,3
1993,nan
1994,nan
1995,nan
1996,75
1997,64
1998,255
1999,135
2000,255
2001,255
2002,255
2003,71
2004,255
2005,46
2006,255
2007,nan
2008,nan
2009,255
2010,nan
2011,3
2012,255
2013,51
2014,122
2015,28
2016,nan
2017,110
2018,nan
2019,nan
2020,111
2021,nan
2022,105
2023,255
2024,nan
2025,37
2026,102
2027,113
2028,4
2029,nan
2030,255
2031,nan
2032,nan
2033,255
2034,138
2035,22
2036,255
2037,nan
2038,19
2039,119
2040,117
2041,255
2042,nan
2043,10
2044,nan
2045,116
2046,nan
2047,48
2048,255
2049,102
2050,255
2051,nan
2052,123
2053,255
2054,nan
2055,28
2056,113
2057,4
2058,3
2059,255
2060,111
2061,nan
2062,nan
2063,nan
2064,110
2065,74
2066,102
2067,nan
2068,127
2069,nan
2070,104
2071,110
2072,108
2073,17
2074,20
2075,140
2076,nan
2077,19
2078,nan
2079,255
2080,5
2081,30
2082,76
2083,3
2084,74
2085,nan
2086,255
2087,255
2088,30
2089,nan
2090,4
2091,nan
2092,nan
2093,16
2094,69
2095,67
2096,134
2097,nan
2098,66
2099,nan
2100,1
2101,nan
2102,109
2103,nan
2104,9
2105,126
2106,nan
2107,255
2108,6
2109,nan
2110,nan
2111,119
2112,nan
2113,255
2114,255
2115,139
2116,108
2117,255
2118,115
2119,255
2120,nan
2121,255
2122,21
2123,nan
2124,133
2125,nan
2126,143
2127,255
2128,102
2129,39
2130,35
2131,nan
2132,68
2133,nan
2134,116
2135,41
2136,4
2137,nan
2138,11
2139,255
2140,255
2141,255
2142,nan
2143,15
2144,nan
2145,nan
2146,nan
2147,nan
2148,nan
2149,nan
2150,113
2151,nan
2152,255
2153,133
2154,119
2155,255
2156,45
2157,nan
2158,3
2159,nan
2160,3
2161,255
2162,255
2163,108
2164,3
2165,nan
2166,28
2167,121
2168,135
2169,123
2170,nan
2171,112
2172,nan
2173,75
2174,46
2175,87
2176,127
2177,nan
2178,114
2179,125
2180,118
2181,nan
2182,nan
2183,nan
2184,110
2185,nan
2186,nan
2187,255
2188,nan
2189,255
2190,1
2191,124
2192,30
2193,120
2194,58
2195,97
2196,34
2197,16
2198,nan
2199,nan
2200,38
2201,nan
2202,25
2203,nan
2204,nan
2205,19
2206,nan
2207,3
2208,102
2209,nan
2210,3
2211,24
2212,255
2213,31
2214,2
2215,29
2216,2
2217,nan
2218,nan
2219,nan
2220,nan
2221,nan
2222,120
2223,116
2224,106
2225,255
2226,122
2227,255
2228,255
2229,255
2230,255
2231,nan
2232,127
2233,32
2234,nan
2235,nan
2236,34
2237,94
2238,59
2239,255
2240,nan
2241,64
2242,124
2243,nan
2244,255
2245,nan
2246,12
2247,nan
2248,nan
2249,nan
2250,41
2251,9
2252,255
2253,255
2254,nan
2255,255
2256,255
2257,255
2258,nan
2259,46
2260,255
2261,255
2262,255
2263,255
2264,nan
2265,5
2266,nan
2267,nan
2268,10
2269,nan
2270,115
2271,3
2272,3
2273,nan
2274,nan
2275,nan
2276,255
2277,255
2278,nan
2279,nan
2280,3
2281,nan
2282,37
2283,nan
2284,89
2285,255
2286,29
2287,81
2288,132
2289,22
2290,nan
2291,nan
2292,255
2293,nan
2294,8
2295,255
2296,255
2297,nan
2298,nan
2299,nan
2300,98
2301,255
2302,107
2303,255
2304,nan
2305,nan
2306,nan
2307,18
2308,18
2309,255
2310,63
2311,nan
2312,255
2313,255
2314,nan
2315,255
2316,255
2317,115
2318,255
2319,nan
2320,255
2321,255
2322,255
2323,nan
2324,255
2325,nan
2326,255
2327,nan
2328,255
2329,255
2330,nan
2331,85
2332,255
2333,nan
2334,255
2335,3
2336,3
2337,255
2338,95
2339,255
2340,nan
2341,255
2342,255
2343,nan
2344,255
2345,255
2346,nan
2347,nan
2348,nan
2349,255
2350,nan
2351,nan
2352,135
2353,115
2354,255
2355,255
2356,255
2357,255
2358,nan
2359,255
2360,255
2361,255
2362,65
2363,255
2364,105
2365,255
2366,116
2367,255
2368,255
2369,nan
2370,213
2371,255
2372,255
2373,220
2374,3
2375,255
2376,84
2377,99
2378,255
2379,234
2380,255
2381,255
2382,nan
2383,255
2384,124
2385,255
2386,112
2387,255
2388,nan
2389,nan
2390,111
2391,99
2392,233
2393,45
2394,255
2395,nan
2396,nan
2397,255
2398,97
2399,255
2400,nan
2401,nan
2402,255
2403,nan
2404,nan
2405,nan
2406,224
2407,nan
2408,255
2409,225
2410,51
2411,255
2412,214
2413,nan
2414,nan
2415,255
2416,nan
2417,nan
2418,1
2419,255
2420,255
2421,47
2422,82
2423,nan
2424,nan
2425,255
2426,nan
2427,nan
2428,nan
2429,255
2430,nan
2431,nan
2432,234
2433,nan
2434,nan
2435,nan
2436,74
2437,nan
2438,6
2439,nan
2440,255
2441,222
2442,77
2443,nan
2444,nan
2445,18
2446,nan
2447,95
2448,209
2449,nan
2450,217
2451,20
2452,nan
2453,74
2454,nan
2455,1
2456,31
2457,nan
2458,79
2459,52
2460,234
2461,95
2462,223
2463,nan
2464,nan
2465,232
2466,30
2467,1
2468,255
2469,94
2470,nan
2471,39
2472,224
2473,3
2474,26
2475,nan
2476,nan
2477,255
2478,nan
2479,255
2480,nan
2481,255
2482,nan
2483,153
2484,255
2485,111
2486,130
2487,222
2488,nan
2489,234
2490,75
2491,81
2492,229
2493,nan
2494,nan
2495,25
2496,255
2497,255
2498,255
2499,6
2500,230
2501,nan
2502,nan
2503,3
2504,nan
2505,235
2506,nan
2507,nan
2508,nan
2509,204
2510,nan
2511,nan
2512,206
2513,nan
2514,196
2515,186
2516,214
2517,15
2518,76
2519,202
2520,227
2521,19
2522,192
2523,255
2524,221
2525,255
2526,nan
2527,200
2528,51
2529,219
2530,nan
2531,229
2532,nan
2533,39
2534,191
2535,197
2536,213
2537,35
2538,nan
2539,nan
2540,nan
2541,nan
2542,19
2543,227
2544,228
2545,219
2546,nan
2547,nan
2548,199
2549,255
2550,222
2551,55
2552,20
2553,223
2554,5
2555,nan
2556,17
2557,nan
2558,43
2559,74
2560,nan
2561,nan
2562,92
2563,nan
2564,88
2565,nan
2566,222
2567,nan
2568,16
2569,nan
2570,nan
2571,25
2572,nan
2573,72
2574,55
2575,9
2576,186
2577,234
2578,255
2579,nan
2580,nan
2581,223
2582,200
2583,nan
2584,223
2585,201
2586,214
2587,nan
2588,160
2589,4
2590,195
2591,nan
2592,145
2593,204
2594,nan
2595,23
2596,15
2597,35
2598,235
2599,71
2600,207
2601,nan
2602,7
2603,nan
2604,88
2605,235
2606,1
2607,233
2608,10
2609,233
2610,203
2611,nan
2612,nan
2613,106
2614,203
2615,99
2616,201
2617,nan
2618,224
2619,56
2620,33
2621,183
2622,nan
2623,225
2624,3
2625,182
2626,nan
2627,7
2628,nan
2629,255
2630,nan
2631,nan
2632,nan
2633,23
2634,nan
2635,222
2636,54
2637,61
2638,197
2639,nan
2640,73
2641,55
2642,55
2643,1
2644,43
2645,nan
2646,nan
2647,8
2648,nan
2649,207
2650,12
2651,nan
2652,nan
2653,nan
2654,nan
2655,225
2656,3
2657,nan
2658,3
2659,72
2660,nan
2661,26
2662,nan
2663,nan
2664,nan
2665,33
2666,nan
2667,nan
2668,nan
2669,59
2670,nan
2671,nan
2672,2
2673,6
2674,nan
2675,nan
2676,nan
2677,nan
2678,nan
2679,57
2680,nan
2681,nan
2682,nan
2683,24
2684,nan
2685,nan
2686,nan
2687,13
2688,219
2689,nan
2690,106
2691,22
2692,nan
2693,3
2694,123
2695,28
2696,nan
2697,92
2698,222
2699,nan
2700,200
2701,197
2702,183
2703,204
2704,88
2705,nan
2706,nan
2707,nan
2708,nan
2709,177
2710,67
2711,51
2712,2
2713,16
2714,nan
2715,nan
2716,nan
2717,nan
2718,nan
2719,nan
2720,236
2721,21
2722,nan
2723,nan
2724,91
2725,nan
2726,217
2727,nan
2728,205
2729,nan
2730,nan
2731,16
2732,226
2733,nan
2734,nan
2735,nan
2736,nan
2737,200
2738,nan
2739,46
2740,nan
2741,nan
2742,45
2743,nan
2744,181
2745,94
2746,nan
2747,nan
2748,nan
2749,21
2750,nan
2751,nan
2752,nan
2753,nan
2754,nan
2755,210
2756,86
2757,nan
2758,10
2759,218
2760,nan
2761,nan
2762,nan
2763,233
2764,nan
2765,nan
2766,159
2767,nan
2768,199
2769,160
2770,nan
2771,240
2772,3
2773,nan
2774,226
2775,54
2776,nan
2777,nan
2778,182
2779,nan
2780,235
2781,nan
2782,nan
2783,117
2784,27
2785,58
2786,nan
2787,41
2788,nan
2789,4
2790,nan
2791,6
2792,nan
2793,nan
2794,nan
2795,99
2796,nan
2797,118
2798,nan
2799,nan
2800,22
2801,66
2802,169
2803,nan
2804,nan
2805,nan
2806,nan
2807,nan
2808,nan
2809,nan
2810,34
2811,231
2812,nan
2813,1
2814,nan
2815,8
2816,nan
2817,nan
2818,29
2819,30
2820,3
2821,nan
2822,nan
2823,nan
2824,85
2825,219
2826,nan
2827,4
2828,3
2829,122
2830,72
2831,26
2832,nan
2833,nan
2834,98
2835,99
2836,30
2837,nan
2838,nan
2839,nan
2840,nan
2841,3
2842,nan
2843,nan
2844,58
2845,nan
2846,nan
2847,24
2848,nan
2849,3
2850,107
2851,nan
2852,53
2853,nan
2854,2
2855,79
2856,107
2857,nan
2858,nan
2859,nan
2860,nan
2861,62
2862,nan
2863,nan
2864,54
2865,10
2866,nan
2867,1
2868,nan
2869,42
2870,nan
2871,nan
2872,1
2873,nan
2874,nan
2875,nan
2876,94
2877,nan
2878,15
2879,nan
2880,24
2881,229
2882,nan
2883,nan
2884,nan
2885,nan
2886,96
2887,203
2888,88
2889,3
2890,nan
2891,18
2892,nan
2893,66
2894,66
2895,nan
2896,nan
2897,nan
2898,nan
2899,nan
2900,nan
2901,nan
2902,nan
2903,nan
2904,nan
2905,nan
2906,nan
2907,nan
2908,nan
2909,nan
2910,20
2911,nan
2912,nan
2913,nan
2914,15
2915,nan
2916,nan
2917,nan
2918,131
2919,209
2920,14
2921,nan
2922,nan
2923,5
2924,24
2925,103
2926,199
2927,nan
2928,62
2929,37
2930,nan
2931,10
2932,nan
2933,nan
2934,nan
2935,90
2936,nan
2937,7
2938,21
2939,89
2940,nan
2941,44
2942,nan
2943,nan
2944,nan
2945,nan
2946,93
2947,nan
2948,203
2949,56
2950,93
2951,80
2952,nan
2953,nan
2954,nan
2955,20
2956,nan
2957,27
2958,nan
2959,nan
2960,21
2961,nan
2962,nan
2963,29
2964,83
2965,10
2966,nan
2967,95
2968,100
2969,nan
2970,2
2971,92
2972,nan
2973,nan
2974,nan
2975,nan
2976,nan
2977,nan
2978,107
2979,nan
2980,nan
2981,nan
2982,nan
2983,nan
2984,nan
2985,nan
2986,126
2987,55
2988,37
2989,nan
2990,18
2991,51
2992,nan
2993,37
2994,31
2995,nan
2996,nan
2997,29
2998,40
2999,113
3000,98
3001,50
3002,6
3003,nan
3004,87
3005,52
3006,16
3007,nan
3008,nan
3009,19
3010,nan
3011,30
3012,nan
3013,16
3014,nan
3015,nan
3016,nan
3017,53
3018,98
3019,nan
3020,nan
3021,2
3022,nan
3023,nan
3024,nan
3025,nan
3026,nan
3027,nan
3028,nan
3029,23
3030,nan
3031,nan
3032,nan
3033,8
3034,nan
3035,28
3036,79
3037,33
3038,36
3039,nan
3040,82
3041,nan
3042,79
3043,2
3044,nan
3045,nan
3046,nan
3047,12
3048,nan
3049,nan
3050,nan
3051,nan
3052,nan
3053,nan
3054,20
3055,60
3056,nan
3057,nan
3058,nan
3059,5
3060,nan
3061,1
3062,58
3063,216
3064,nan
3065,3
3066,222
3067,68
3068,nan
3069,nan
3070,nan
3071,65
3072,nan
3073,189
3074,229
3075,228
3076,nan
3077,1
3078,134
3079,185
3080,141
3081,238
3082,216
3083,105
3084,nan
3085,nan
3086,1
3087,nan
3088,nan
3089,nan
3090,nan
3091,161
3092,nan
3093,nan
3094,nan
3095,172
3096,nan
3097,2
3098,nan
3099,29
3100,29
3101,nan
3102,56
3103,66
3104,nan
3105,12
3106,nan
3107,80
3108,nan
3109,nan
3110,nan
3111,60
3112,nan
3113,nan
3114,62
3115,nan
3116,nan
3117,nan
3118,nan
3119,81
3120,nan
3121,nan
3122,nan
3123,15
3124,nan
3125,nan
3126,12
3127,2
3128,nan
3129,nan
3130,59
3131,nan
3132,nan
3133,nan
3134,154
3135,nan
3136,nan
3137,nan
3138,1
3139,135
3140,71
3141,56
3142,nan
3143,nan
3144,159
3145,114
3146,71
3147,101
3148,2
3149,19
3150,129
3151,nan
3152,1
3153,nan
3154,124
3155,142
3156,40
3157,43
3158,141
3159,nan
3160,nan
3161,37
3162,nan
3163,nan
3164,nan
3165,79
3166,nan
3167,nan
3168,95
3169,109
3170,3
3171,nan
3172,56
3173,133
3174,85
3175,36
3176,95
3177,162
3178,nan
3179,98
3180,84
3181,nan
3182,28
3183,158
3184,nan
3185,nan
3186,nan
3187,nan
3188,nan
3189,91
3190,nan
3191,nan
3192,nan
3193,nan
3194,nan
3195,nan
3196,21
3197,10
3198,nan
3199,nan
3200,nan
3201,nan
3202,nan
3203,nan
3204,37
3205,98
3206,nan
3207,105
3208,16
3209,nan
3210,nan
3211,nan
3212,89
3213,nan
3214,nan
3215,nan
3216,nan
3217,nan
3218,nan
3219,nan
3220,26
3221,149
3222,nan
3223,nan
3224,nan
3225,nan
3226,143
3227,nan
3228,127
3229,nan
3230,nan
3231,38
3232,nan
3233,nan
3234,nan
3235,nan
3236,11
3237,nan
3238,nan
3239,2
3240,nan
3241,47
3242,nan
3243,nan
3244,126
3245,nan
3246,nan
3247,nan
3248,3
3249,34
3250,39
3251,nan
3252,44
3253,nan
3254,nan
3255,nan
3256,nan
3257,5
3258,nan
3259,nan
3260,nan
3261,90
3262,nan
3263,nan
3264,nan
3265,nan
3266,69
3267,11
3268,nan
3269,nan
3270,nan
3271,nan
3272,nan
3273,nan
3274,nan
3275,nan
3276,21
3277,nan
3278,nan
3279,3
3280,nan
3281,nan
3282,97
3283,nan
3284,nan
3285,2
3286,68
3287,nan
3288,86
3289,68
3290,53
3291,16
3292,44
3293,nan
3294,nan
3295,nan
3296,81
3297,35
3298,nan
3299,5
3300,nan
3301,nan
3302,2
3303,nan
3304,nan
3305,nan
3306,nan
3307,nan
3308,nan
3309,10
3310,nan
3311,19
3312,nan
3313,31
3314,nan
3315,90
3316,11
3317,94
3318,58
3319,nan
3320,47
3321,32
3322,31
3323,67
3324,nan
3325,50
3326,40
3327,2
3328,nan
3329,nan
3330,nan
3331,nan
3332,nan
3333,nan
3334,nan
3335,nan
3336,64
3337,2
3338,nan
3339,57
3340,nan
3341,nan
3342,nan
3343,nan
3344,2
3345,nan
3346,nan
3347,8
3348,nan
3349,nan
3350,nan
3351,nan
3352,nan
3353,nan
3354,nan
3355,nan
3356,nan
3357,nan
3358,nan
3359,nan
3360,17
3361,nan
3362,nan
3363,1
3364,nan
3365,nan
3366,nan
3367,nan
3368,nan
3369,nan
3370,nan
3371,nan
3372,nan
3373,nan
3374,nan
3375,15
3376,nan
3377,nan
3378,16
3379,nan
3380,1
3381,nan
3382,nan
3383,16
3384,nan
3385,nan
3386,nan
3387,nan
3388,1
3389,nan
3390,nan
3391,nan
3392,nan
3393,nan
3394,nan
3395,nan
3396,nan
3397,nan
3398,5
3399,20
3400,nan
3401,28
3402,nan
3403,52
3404,nan
3405,nan
3406,nan
3407,nan
3408,nan
3409,nan
3410,nan
3411,nan
3412,18
3413,nan
3414,nan
3415,1
3416,63
3417,nan
3418,41
3419,32
3420,41
3421,27
3422,22
3423,nan
3424,nan
3425,nan
3426,32
3427,nan
3428,nan
3429,56
3430,39
3431,nan
3432,10
3433,nan
3434,nan
3435,nan
3436,nan
3437,13
3438,nan
3439,nan
3440,nan
3441,nan
3442,nan
3443,nan
3444,nan
3445,27
3446,nan
3447,nan
3448,nan
3449,nan
3450,nan
3451,nan
3452,nan
3453,nan
3454,16
3455,nan
3456,nan
3457,nan
3458,nan
3459,nan
3460,23
3461,nan
3462,14
3463,42
3464,nan
3465,11
3466,nan
3467,15
3468,nan
3469,3
3470,nan
3471,25
3472,19
3473,nan
3474,nan
3475,nan
3476,nan
3477,nan
3478,28
3479,nan
3480,nan
3481,nan
3482,nan
3483,nan
3484,nan
3485,nan
3486,nan
3487,17
3488,nan
3489,10
3490,nan
3491,22
3492,18
3493,nan
3494,nan
3495,nan
3496,nan
3497,43
3498,16
3499,nan
3500,nan
3501,nan
3502,nan
3503,nan
3504,nan
3505,nan
3506,nan
3507,nan
3508,nan
3509,1
3510,nan
3511,nan
3512,nan
3513,nan
3514,nan
3515,nan
3516,nan
3517,nan
3518,37
3519,nan
3520,15
3521,nan
3522,nan
3523,26
3524,16
3525,nan
3526,nan
3527,nan
3528,nan
3529,nan
3530,nan
3531,nan
3532,nan
3533,nan
3534,nan
3535,19
3536,nan
3537,2
3538,nan
3539,nan
3540,nan
3541,8
3542,nan
3543,nan
3544,nan
3545,nan
3546,37
3547,nan
3548,nan
3549,nan
3550,nan
3551,nan
3552,nan
3553,nan
3554,nan
3555,nan
3556,nan
3557,nan
3558,nan
3559,3
3560,nan
3561,nan
3562,nan
3563,nan
3564,nan
3565,nan
3566,nan
3567,16
3568,8
3569,nan
3570,nan
3571,nan
3572,nan
3573,39
3574,nan
3575,nan
3576,nan
3577,nan
3578,31
3579,nan
3580,nan
3581,46
3582,12
3583,nan
3584,1
3585,nan
3586,27
3587,nan
3588,9
3589,nan
3590,nan
3591,nan
3592,nan
3593,2
3594,nan
3595,nan
3596,nan
3597,nan
3598,16
3599,nan
3600,25
3601,nan
3602,nan
3603,18
3604,nan
3605,nan
3606,9
3607,nan
3608,nan
3609,nan
3610,nan
3611,nan
3612,nan
3613,20
3614,nan
3615,nan
3616,nan
3617,18
3618,8
3619,nan
3620,27
3621,nan
3622,nan
3623,nan
3624,nan
3625,22
3626,14
3627,nan
3628,24
3629,nan
3630,23
3631,nan
3632,nan
3633,8
3634,20
3635,nan
3636,nan
3637,nan
3638,nan
3639,nan
3640,39
3641,nan
3642,nan
3643,nan
3644,27
3645,29
3646,nan
3647,nan
3648,nan
3649,nan
3650,nan
3651,nan
3652,21
3653,nan
3654,24
3655,nan
3656,14
3657,nan
3658,nan
3659,15
3660,nan
3661,nan
3662,nan
3663,20
3664,nan
3665,nan
3666,20
3667,9
3668,10
3669,17
3670,nan
3671,nan
3672,nan
3673,nan
3674,20
3675,5
3676,23
3677,38
3678,19
3679,nan
3680,nan
3681,nan
3682,nan
3683,nan
3684,62
3685,18
3686,17
3687,nan
3688,14
3689,14
3690,nan
3691,16
3692,17
3693,20
3694,nan
3695,nan
3696,nan
3697,17
3698,nan
3699,nan
3700,14
3701,16
3702,nan
3703,nan
3704,8
3705,23
3706,13
3707,nan
3708,21
3709,21
3710,26
3711,nan
3712,nan
3713,nan
3714,nan
3715,29
3716,nan
3717,nan
3718,15
3719,nan
3720,nan
3721,15
3722,37
3723,14
3724,nan
3725,nan
3726,10
3727,nan
3728,nan
3729,nan
3730,29
3731,nan
3732,nan
3733,nan
3734,nan
3735,8
3736,nan
3737,nan
3738,2
3739,nan
3740,16
3741,25
3742,nan
3743,25
3744,27
3745,nan
3746,nan
3747,nan
3748,31
3749,nan
3750,nan
3751,nan
3752,18
3753,nan
3754,nan
3755,nan
3756,nan
3757,nan
3758,12
3759,4
3760,nan
3761,nan
3762,nan
3763,nan
3764,25
3765,3
3766,nan
3767,nan
3768,nan
3769,nan
3770,nan
3771,25
3772,nan
3773,12
3774,17
3775,nan
3776,nan
3777,nan
3778,nan
3779,nan
3780,nan
3781,nan
3782,17
3783,23
3784,nan
3785,12
3786,18
3787,nan
3788,20
3789,16
3790,33
3791,18
3792,20
3793,nan
3794,nan
3795,nan
3796,10
3797,15
3798,17
3799,20
3800,nan
3801,nan
3802,10
3803,nan
3804,3
3805,nan
3806,nan
3807,nan
3808,nan
3809,nan
3810,8
3811,nan
3812,nan
3813,nan
3814,nan
3815,nan
3816,nan
3817,31
3818,19
3819,4
3820,nan
3821,4
3822,17
3823,nan
3824,nan
3825,20
3826,nan
3827,nan
3828,nan
3829,nan
3830,nan
3831,nan
3832,nan
3833,nan
3834,nan
3835,5
3836,nan
3837,nan
3838,nan
3839,nan
3840,nan
3841,nan
3842,nan
3843,3
3844,8
3845,16
3846,19
3847,7
3848,nan
3849,nan
3850,nan
3851,3
3852,17
3853,nan
3854,9
3855,nan
3856,nan
3857,16
3858,nan
3859,nan
3860,nan
3861,nan
3862,nan
3863,nan
3864,nan
3865,nan
3866,15
3867,nan
3868,nan
3869,nan
3870,nan
3871,nan
3872,nan
3873,nan
3874,nan
3875,nan
3876,nan
3877,nan
3878,nan
3879,nan
3880,12
3881,nan
3882,nan
3883,5
3884,nan
3885,2
3886,18
3887,nan
3888,nan
3889,nan
3890,nan
3891,nan
3892,nan
3893,14
3894,nan
3895,nan
3896,10
3897,1
3898,10
3899,nan
3900,nan
3901,nan
3902,nan
3903,nan
3904,nan
3905,nan
3906,nan
3907,nan
3908,nan
3909,nan
3910,nan
3911,nan
3912,nan
3913,nan
3914,nan
3915,nan
3916,20
3917,nan
3918,nan
3919,13
3920,nan
3921,nan
3922,nan
3923,nan
3924,5
3925,nan
3926,1
3927,22
3928,24
3929,nan
3930,nan
3931,nan
3932,nan
3933,nan
3934,nan
3935,nan
3936,nan
3937,nan
3938,nan
3939,nan
3940,6
3941,nan
3942,nan
3943,nan
3944,nan
3945,13
3946,nan
3947,nan
3948,nan
3949,nan
3950,1
3951,6
3952,nan
3953,nan
3954,nan
3955,nan
3956,nan
3957,nan
3958,nan
3959,nan
3960,nan
3961,nan
3962,nan
3963,nan
3964,nan
3965,nan
3966,nan
3967,nan
3968,2
3969,nan
3970,nan
3971,nan
3972,nan
3973,nan
3974,19
3975,nan
3976,nan
3977,nan
3978,23
3979,nan
3980,nan
3981,18
3982,10
3983,nan
3984,nan
3985,nan
3986,nan
3987,nan
3988,nan
3989,44
3990,9
3991,2
3992,nan
3993,nan
3994,nan
3995,nan
3996,nan
3997,nan
3998,nan
3999,nan
4000,nan
4001,nan
4002,nan
4003,nan
4004,nan
4005,nan
4006,7
4007,nan
4008,2
4009,5
4010,22
4011,8
4012,nan
4013,nan
4014,nan
4015,nan
4016,nan
4017,nan
4018,nan
4019,nan
4020,nan
4021,nan
4022,nan
4023,nan
4024,nan
4025,nan
4026,nan
4027,nan
4028,3
4029,nan
4030,nan
4031,3
4032,nan
4033,nan
4034,2
4035,2
4036,nan
4037,nan
4038,5
4039,nan
4040,nan
4041,nan
4042,nan
4043,nan
4044,1
4045,nan
4046,nan
4047,5
4048,nan
4049,1
4050,1
4051,nan
4052,nan
4053,nan
4054,nan
4055,nan
4056,25
4057,nan
4058,nan
4059,nan
4060,nan
4061,4
4062,4
4063,nan
4064,nan
4065,nan
4066,14
4067,nan
4068,nan
4069,23
4070,nan
4071,nan
4072,nan
4073,nan
4074,nan
4075,nan
4076,nan
4077,nan
4078,nan
4079,nan
4080,nan
4081,nan
4082,nan
4083,2
4084,nan
4085,nan
4086,5
4087,nan
4088,9
4089,6
4090,2
4091,nan
4092,4
4093,nan
4094,nan
4095,nan
4096,6
4097,27
4098,nan
4099,nan
4100,nan
4101,nan
4102,nan
4103,nan
4104,nan
4105,nan
4106,1
4107,nan
4108,nan
4109,nan
4110,nan
4111,22
4112,nan
4113,7
4114,nan
4115,10
4116,nan
4117,nan
4118,nan
4119,13
4120,nan
4121,nan
4122,nan
4123,9
4124,9
4125,nan
4126,nan
4127,26
4128,nan
4129,nan
4130,nan
4131,3
4132,nan
4133,4
4134,nan
4135,5
4136,nan
4137,nan
4138,nan
4139,nan
4140,nan
4141,nan
4142,nan
4143,1
4144,nan
4145,nan
4146,nan
4147,nan
4148,nan
4149,nan
4150,nan
4151,nan
4152,nan
4153,nan
4154,nan
4155,nan
4156,nan
4157,nan
4158,nan
4159,nan
4160,nan
4161,nan
4162,nan
4163,nan
4164,nan
4165,nan
4166,nan
4167,nan
4168,13
4169,nan
4170,nan
4171,nan
4172,7
4173,20
4174,nan
4175,nan
4176,4
4177,nan
4178,9
4179,8
4180,14
4181,8
4182,1
4183,nan
4184,nan
4185,nan
4186,nan
4187,nan
4188,nan
4189,nan
4190,nan
4191,nan
4192,nan
4193,nan
4194,nan
4195,nan
4196,nan
4197,19
4198,nan
4199,nan
4200,nan
4201,nan
4202,nan
4203,nan
4204,nan
4205,nan
4206,nan
4207,nan
4208,nan
4209,nan
4210,nan
4211,nan
4212,nan
4213,6
4214,2
4215,nan
4216,nan
4217,nan
4218,nan
4219,nan
4220,nan
4221,nan
4222,nan
4223,nan
4224,10
4225,4
4226,nan
4227,10
4228,26
4229,6
4230,nan
4231,nan
4232,nan
4233,nan
4234,nan
4235,nan
4236,nan
4237,nan
4238,nan
4239,nan
4240,nan
4241,nan
4242,nan
4243,nan
4244,nan
4245,nan
4246,nan
4247,16
4248,nan
4249,nan
4250,10
4251,9
4252,nan
4253,nan
4254,nan
4255,nan
4256,nan
4257,11
4258,5
4259,17
4260,nan
4261,nan
4262,nan
4263,5
4264,nan
4265,nan
4266,2
4267,nan
4268,nan
4269,nan
4270,5
4271,1
4272,5
4273,nan
4274,nan
4275,nan
4276,3
4277,nan
4278,nan
4279,nan
4280,nan
4281,nan
4282,3
4283,nan
4284,1
4285,nan
4286,nan
4287,nan
4288,nan
4289,nan
4290,nan
4291,nan
4292,nan
4293,nan
4294,nan
4295,nan
4296,nan
4297,nan
4298,nan
4299,nan
4300,nan
4301,nan
4302,nan
4303,nan
4304,nan
4305,7
4306,nan
4307,nan
4308,nan
4309,nan
4310,nan
4311,nan
4312,nan
4313,nan
4314,nan
4315,nan
4316,15
4317,nan
4318,nan
4319,nan
4320,nan
4321,nan
4322,nan
4323,nan
4324,nan
4325,nan
4326,nan
4327,nan
4328,nan
4329,nan
4330,nan
4331,nan
4332,7
4333,3
4334,nan
4335,nan
4336,nan
4337,nan
4338,nan
4339,3
4340,nan
4341,nan
4342,nan
4343,nan
4344,nan
4345,nan
4346,4
4347,nan
4348,nan
4349,nan
4350,nan
4351,nan
4352,nan
4353,nan
4354,nan
4355,nan
4356,nan
4357,nan
4358,nan
4359,nan
4360,nan
4361,nan
4362,nan
4363,nan
4364,nan
4365,nan
4366,nan
4367,nan
4368,nan
4369,nan
4370,3
4371,nan
4372,nan
4373,nan
4374,5
4375,nan
4376,nan
4377,nan
4378,nan
4379,nan
4380,nan
4381,3
4382,nan
4383,8
4384,nan
4385,nan
4386,nan
4387,nan
4388,2
4389,3
4390,nan
4391,nan
4392,nan
4393,nan
4394,5
4395,4
4396,1
4397,nan
4398,nan
4399,nan
4400,nan
4401,1
4402,nan
4403,nan
4404,nan
4405,nan
4406,nan
4407,nan
4408,2
4409,nan
4410,nan
4411,nan
4412,8
4413,nan
4414,nan
4415,nan
4416,2
4417,nan
4418,nan
4419,nan
4420,nan
4421,nan
4422,nan
4423,nan
4424,nan
4425,nan
4426,nan
4427,nan
4428,nan
4429,nan
4430,nan
4431,nan
4432,nan
4433,nan
4434,nan
4435,nan
4436,nan
4437,nan
4438,nan
4439,nan
4440,nan
4441,nan
4442,nan
4443,nan
4444,nan
4445,nan
4446,nan
4447,nan
4448,nan
4449,nan
4450,nan
4451,4
4452,nan
4453,nan
4454,nan
4455,nan
4456,nan
4457,nan
4458,nan
4459,nan
4460,8
4461,nan
4462,nan
4463,nan
4464,nan
4465,nan
4466,3
4467,nan
4468,nan
4469,nan
4470,nan
4471,nan
4472,nan
4473,nan
4474,nan
4475,nan
4476,nan
4477,nan
4478,nan
4479,nan
4480,nan
4481,nan
4482,nan
4483,nan
4484,nan
4485,nan
4486,nan
4487,nan
4488,nan
4489,4
4490,nan
4491,nan
4492,nan
4493,nan
4494,nan
4495,nan
4496,nan
4497,4
4498,4
4499,3
4500,nan
4501,nan
4502,nan
4503,nan
4504,nan
4505,nan
4506,nan
4507,nan
4508,nan
4509,nan
4510,nan
4511,nan
4512,nan
4513,nan
4514,nan
4515,nan
4516,nan
4517,nan
4518,nan
4519,nan
4520,nan
4521,nan
4522,nan
4523,nan
4524,nan
4525,nan
4526,nan
4527,nan
4528,nan
4529,nan
4530,nan
4531,nan
4532,nan
4533,nan
4534,nan
4535,nan
4536,nan
4537,nan
4538,2
4539,nan
4540,nan
4541,nan
4542,nan
4543,nan
4544,nan
4545,nan
4546,nan
4547,nan
4548,nan
4549,nan
4550,nan
4551,nan
4552,nan
4553,nan
4554,nan
4555,nan
4556,nan
4557,nan
4558,nan
4559,nan
4560,nan
4561,nan
4562,nan
4563,nan
4564,nan
4565,nan
4566,nan
4567,nan
4568,nan
4569,nan
4570,nan
4571,nan
4572,nan
4573,nan
4574,nan
4575,nan
4576,nan
4577,2
4578,nan
4579,nan
4580,nan
4581,nan
4582,nan
4583,nan
4584,nan
4585,nan
4586,nan
4587,nan
4588,nan
4589,nan
4590,nan
4591,nan
4592,nan
4593,nan
4594,nan
4595,nan
4596,nan
4597,nan
4598,nan
4599,nan
4600,nan
4601,nan
4602,nan
4603,nan
4604,nan
4605,nan
4606,nan
4607,nan
4608,nan
4609,nan
4610,nan
4611,nan
4612,nan
4613,nan
4614,nan
4615,nan
4616,nan
4617,nan
4618,nan
4619,nan
4620,nan
4621,nan
4622,nan
4623,nan
4624,nan
4625,nan
4626,nan
4627,nan
4628,nan
4629,nan
4630,nan
4631,nan
4632,nan
4633,nan
4634,nan
4635,nan
4636,nan
4637,nan
4638,nan
4639,nan
4640,nan
4641,nan
4642,nan
4643,nan
4644,nan
4645,nan
4646,nan
4647,nan
4648,nan
4649,nan
4650,nan
4651,nan
4652,nan
4653,nan
4654,nan
4655,nan
4656,nan
4657,nan
4658,nan
4659,nan
4660,nan
4661,nan
4662,nan
4663,nan
4664,nan
4665,nan
4666,nan
4667,nan
4668,nan
4669,nan
4670,nan
4671,nan
4672,nan
4673,nan
4674,nan
4675,nan
4676,nan
4677,nan
4678,nan
4679,nan
4680,nan
4681,nan
4682,nan
4683,nan
4684,nan
4685,nan
4686,nan
4687,nan
4688,nan
4689,nan
4690,nan
4691,nan
4692,nan
4693,nan
4694,nan
4695,nan
4696,nan
4697,nan
4698,nan
4699,nan
4700,nan
4701,nan
4702,nan
4703,nan
4704,nan
4705,nan
4706,nan
4707,nan
4708,nan
4709,nan
4710,nan
4711,nan
4712,nan
4713,nan
4714,nan
4715,nan
4716,nan
4717,nan
4718,nan
4719,nan
4720,nan
4721,nan
4722,nan
4723,nan
4724,nan
4725,nan
4726,nan
4727,nan
4728,nan
4729,nan
4730,nan
4731,nan
4732,nan
4733,nan
4734,nan
4735,nan
4736,nan
4737,nan
4738,nan
4739,nan
4740,nan
4741,nan
4742,nan
4743,nan
4744,nan
4745,nan
4746,nan
4747,nan
4748,nan
4749,nan
4750,nan
4751,nan
4752,nan
4753,nan
4754,nan
4755,nan
4756,nan
4757,nan
4758,nan
4759,nan
4760,nan
4761,nan
4762,nan
4763,nan
4764,nan
4765,nan
4766,nan
4767,nan
4768,nan
4769,nan
4770,nan
4771,5
4772,nan
4773,nan
4774,1
4775,nan
4776,nan
4777,nan
4778,nan
4779,nan
4780,nan
4781,nan
4782,nan
4783,nan
4784,nan
4785,nan
4786,nan
4787,nan
4788,nan
4789,nan
4790,nan
4791,nan
4792,nan
4793,nan
4794,nan
4795,nan
4796,nan
4797,nan
4798,nan
4799,nan
4800,nan
4801,nan
4802,nan
4803,nan
4804,nan
4805,nan
4806,nan
4807,nan
4808,nan
4809,nan
4810,nan
4811,nan
4812,nan
4813,nan
4814,nan
4815,nan
4816,nan
4817,nan
4818,nan
4819,nan
4820,nan
4821,nan
4822,nan
4823,nan
4824,nan
4825,nan
4826,nan
4827,nan
4828,nan
4829,nan
4830,nan
4831,nan
4832,nan
4833,nan
4834,nan
4835,nan
4836,nan
4837,nan
4838,nan
4839,nan
4840,nan
4841,nan
4842,nan
4843,nan
4844,nan
4845,nan
4846,nan
4847,nan
4848,nan
4849,nan
4850,nan
4851,nan
4852,nan
4853,nan
4854,nan
4855,nan
4856,nan
4857,nan
4858,nan
4859,nan
4860,nan
4861,nan
4862,nan
4863,nan
4864,nan
4865,nan
4866,nan
4867,nan
4868,nan
4869,nan
4870,nan
4871,nan
4872,nan
4873,nan
4874,nan
4875,nan
4876,nan
4877,nan
4878,nan
4879,nan
4880,nan
4881,nan
4882,nan
4883,nan
4884,nan
4885,nan
4886,nan
4887,nan
4888,nan
4889,nan
4890,nan
4891,nan
4892,nan
4893,nan
4894,nan
4895,nan
4896,nan
4897,nan
4898,nan
4899,nan
4900,nan
4901,nan
4902,nan
4903,nan
4904,nan
4905,nan
4906,nan
4907,nan
4908,nan
4909,nan
4910,nan
4911,nan
4912,nan
4913,nan
4914,nan
4915,nan
4916,nan
4917,nan
4918,nan
4919,nan
4920,nan
4921,nan
4922,nan
4923,nan
4924,nan
4925,nan
4926,2
4927,nan
4928,nan
4929,nan
4930,nan
4931,nan
4932,nan
4933,nan
4934,nan
4935,nan
4936,nan
4937,nan
4938,nan
4939,nan
4940,nan
4941,nan
4942,nan
4943,nan
4944,nan
4945,nan
4946,nan
4947,nan
4948,nan
4949,nan
4950,nan
4951,nan
4952,nan
4953,nan
4954,nan
4955,nan
4956,nan
4957,nan
4958,nan
4959,nan
4960,nan
4961,nan
4962,nan
4963,nan
4964,nan
4965,nan
4966,nan
4967,nan
4968,nan
4969,nan
4970,nan
4971,nan
4972,nan
4973,nan
4974,nan
4975,nan
4976,nan
4977,nan
4978,nan
4979,nan
4980,nan
4981,nan
4982,nan
4983,nan
4984,nan
4985,nan
4986,nan
4987,nan
4988,nan
4989,nan
4990,nan
4991,nan
4992,nan
4993,nan
4994,nan
4995,nan
4996,nan
4997,nan
4998,nan
4999,nan
5000,nan
5001,nan
5002,nan
5003,nan
5004,nan
5005,nan
5006,nan
5007,nan
5008,nan
5009,nan
5010,nan
5011,nan
5012,nan
5013,nan
5014,nan
5015,nan
5016,nan
5017,nan
5018,nan
5019,nan
5020,nan
5021,nan
5022,nan
5023,nan
5024,nan
5025,nan
5026,nan
5027,nan
5028,nan
5029,nan
5030,nan
5031,nan
5032,nan
5033,nan
5034,nan
5035,nan
5036,nan
5037,nan
5038,nan
5039,nan
5040,nan
5041,nan
5042,nan
5043,nan
5044,nan
5045,nan
5046,nan
5047,nan
5048,nan
5049,nan
5050,nan
5051,nan
5052,nan
5053,nan
5054,nan
5055,nan
5056,nan
5057,nan
5058,nan
5059,nan
5060,nan
5061,nan
5062,nan
5063,nan
5064,nan
5065,nan
5066,nan
5067,nan
5068,nan
5069,nan
5070,nan
5071,nan
5072,nan
5073,nan
5074,nan
5075,nan
5076,nan
5077,nan
5078,nan
5079,nan
5080,nan
5081,nan
5082,nan
5083,nan
5084,nan
5085,nan
5086,nan
5087,nan
5088,nan
5089,nan
5090,nan
5091,nan
5092,nan
5093,nan
5094,nan
5095,nan
5096,nan
5097,nan
5098,nan
5099,nan
5100,nan
5101,nan
5102,nan
5103,nan
5104,nan
5105,nan
5106,nan
5107,nan
5108,nan
5109,nan
5110,nan
5111,nan
5112,nan
5113,nan
5114,nan
5115,nan
5116,nan
5117,nan
5118,nan
5119,nan
5120,nan
5121,nan
5122,nan
5123,nan
5124,nan
5125,nan
5126,nan
5127,nan
5128,nan
5129,nan
5130,nan
5131,nan
5132,nan
5133,nan
5134,nan
5135,nan
5136,nan
5137,nan
5138,nan
5139,nan
5140,nan
5141,nan
5142,nan
5143,nan
5144,nan
5145,nan
5146,nan
5147,nan
5148,nan
5149,nan
5150,nan
5151,nan
5152,nan
5153,nan
5154,nan
5155,nan
5156,nan
5157,nan
5158,nan
5159,nan
5160,nan
5161,nan
5162,nan
5163,nan
5164,nan
5165,nan
5166,nan
5167,nan
5168,nan
5169,nan
5170,nan
5171,nan
5172,nan
5173,nan
5174,nan
5175,nan
5176,nan
5177,nan
5178,nan
5179,nan
5180,nan
5181,nan
5182,nan
5183,nan
5184,nan
5185,nan
5186,nan
5187,nan
5188,nan
5189,nan
5190,nan
5191,nan
5192,nan
5193,nan
5194,nan
5195,nan
5196,nan
5197,nan
5198,nan
5199,nan
5200,nan
5201,nan
5202,nan
5203,nan
5204,nan
5205,nan
5206,nan
5207,nan
5208,nan
5209,nan
5210,nan
5211,nan
5212,nan
5213,nan
5214,nan
5215,nan
5216,nan
5217,nan
5218,nan
5219,nan
5220,nan
5221,nan
5222,nan
5223,nan
5224,nan
5225,nan
5226,nan
5227,nan
5228,nan
5229,nan
5230,nan
5231,nan
5232,nan
5233,nan
5234,nan
5235,nan
5236,nan
5237,nan
5238,nan
5239,nan
5240,nan
5241,nan
5242,nan
5243,nan
5244,nan
5245,nan
5246,nan
5247,nan
5248,nan
5249,nan
5250,nan
5251,nan
5252,nan
5253,nan
5254,nan
5255,nan
5256,nan
5257,nan
5258,nan
5259,nan
5260,nan
5261,nan
5262,nan
5263,nan
5264,nan
5265,nan
5266,nan
5267,nan
5268,nan
5269,nan
5270,nan
5271,nan
5272,nan
5273,nan
5274,nan
5275,nan
5276,nan
5277,nan
5278,nan
5279,nan
5280,nan
5281,nan
5282,nan
5283,nan
5284,nan
5285,nan
5286,nan
5287,nan
5288,nan
5289,nan
5290,nan
5291,nan
5292,nan
5293,nan
5294,nan
5295,nan
5296,nan
5297,nan
5298,nan
5299,nan
5300,nan
5301,nan
5302,nan
5303,nan
5304,nan
5305,nan
5306,nan
5307,nan
5308,nan
5309,nan
5310,nan
5311,nan
5312,nan
5313,nan
5314,nan
5315,nan
5316,nan
5317,nan
5318,nan
5319,nan
5320,nan
5321,nan
5322,nan
5323,nan
5324,nan
5325,nan
5326,nan
5327,nan
5328,nan
5329,nan
5330,nan
5331,nan
5332,nan
5333,nan
5334,nan
5335,nan
5336,nan
5337,nan
5338,nan
5339,nan
5340,nan
5341,nan
5342,nan
5343,nan
5344,nan
5345,nan
5346,nan
5347,nan
5348,nan
5349,nan
5350,nan
5351,nan
5352,nan
5353,nan
5354,nan
5355,nan
5356,nan
5357,nan
5358,nan
5359,nan
5360,nan
5361,nan
5362,nan
5363,nan
5364,nan
5365,nan
5366,nan
5367,nan
5368,nan
5369,nan
5370,nan
5371,nan
5372,nan
5373,nan
5374,nan
5375,nan
5376,nan
5377,nan
5378,nan
5379,nan
5380,nan
5381,nan
5382,nan
5383,nan
5384,nan
5385,nan
5386,nan
5387,nan
5388,nan
5389,nan
5390,nan
5391,nan
5392,nan
5393,nan
5394,nan
5395,nan
5396,nan
5397,nan
5398,nan
5399,nan
5400,nan
5401,nan
5402,nan
5403,nan
5404,nan
5405,nan
5406,nan
5407,nan
5408,nan
5409,nan
5410,nan
5411,nan
5412,nan
5413,nan
5414,nan
5415,nan
5416,nan
5417,nan
5418,nan
5419,nan
5420,nan
5421,nan
5422,nan
5423,nan
5424,nan
5425,nan
5426,nan
5427,nan
5428,nan
5429,nan
5430,nan
5431,nan
5432,nan
5433,nan
5434,nan
5435,nan
5436,nan
5437,nan
5438,nan
5439,nan
5440,nan
5441,nan
5442,nan
5443,nan
5444,nan
5445,nan
5446,nan
5447,nan
5448,nan
5449,nan
5450,nan
5451,nan
5452,nan
5453,nan
5454,nan
5455,nan
5456,nan
5457,nan
5458,nan
5459,nan
5460,nan
5461,nan
5462,nan
5463,nan
5464,nan
5465,nan
5466,nan
5467,nan
5468,nan
5469,nan
5470,nan
5471,nan
5472,nan
5473,nan
5474,nan
5475,nan
5476,nan
5477,nan
5478,nan
5479,nan
5480,nan
5481,nan
5482,nan
5483,nan
5484,nan
5485,nan
5486,nan
5487,nan
5488,nan
5489,nan
5490,nan
5491,nan
5492,nan
5493,nan
5494,nan
5495,nan
5496,nan
5497,nan
5498,nan
5499,nan
5500,nan
5501,nan
5502,nan
5503,nan
5504,nan
5505,nan
5506,nan
5507,nan
5508,nan
5509,nan
5510,nan
5511,nan
5512,nan
5513,nan
5514,nan
5515,nan
5516,nan
5517,nan
5518,nan
5519,nan
5520,nan
5521,nan
5522,nan
5523,nan
5524,nan
5525,nan
5526,nan
5527,nan
5528,nan
5529,nan
5530,nan
5531,nan
5532,nan
5533,nan
5534,nan
5535,nan
5536,nan
5537,nan
5538,nan
5539,nan
5540,nan
5541,nan
5542,nan
5543,nan
5544,nan
5545,nan
5546,nan
5547,nan
5548,nan
5549,nan
5550,nan
5551,nan
5552,nan
5553,nan
5554,nan
5555,nan
5556,nan
5557,nan
5558,nan
5559,nan
5560,nan
5561,nan
5562,nan
5563,nan
5564,nan
5565,nan
5566,nan
5567,nan
5568,nan
5569,nan
5570,nan
5571,nan
5572,nan
5573,nan
5574,nan
5575,nan
5576,nan
5577,nan
5578,nan
5579,nan
5580,nan
5581,nan
5582,nan
5583,nan
5584,nan
5585,nan
5586,nan
5587,nan
5588,nan
5589,nan
5590,nan
5591,nan
5592,nan
5593,nan
5594,nan
5595,nan
5596,nan
5597,nan
5598,nan
5599,nan
5600,nan
5601,nan
5602,nan
5603,nan
5604,nan
5605,nan
5606,nan
5607,nan
5608,nan
5609,nan
5610,nan
5611,nan
5612,nan
5613,nan
5614,nan
5615,nan
5616,nan
5617,nan
5618,nan
5619,nan
5620,nan
5621,nan
5622,nan
5623,nan
5624,nan
5625,nan
5626,nan
5627,nan
5628,nan
5629,nan
5630,nan
5631,nan
5632,nan
5633,nan
5634,nan
5635,nan
5636,nan
5637,nan
5638,nan
5639,nan
5640,nan
5641,nan
5642,nan
5643,nan
5644,nan
5645,nan
5646,nan
5647,nan
5648,nan
5649,nan
5650,nan
5651,nan
5652,nan
5653,nan
5654,nan
5655,nan
5656,nan
5657,nan
5658,nan
5659,nan
5660,nan
5661,nan
5662,nan
5663,nan
5664,nan
5665,nan
5666,nan
5667,nan
5668,nan
5669,nan
5670,nan
5671,nan
5672,nan
5673,nan
5674,nan
5675,nan
5676,nan
5677,nan
5678,nan
5679,nan
5680,nan
5681,nan
5682,nan
5683,nan
5684,nan
5685,nan
5686,nan
5687,nan
5688,nan
5689,nan
5690,nan
5691,nan
5692,nan
5693,nan
5694,nan
5695,nan
5696,nan
5697,nan
5698,nan
5699,nan
5700,nan
5701,nan
5702,nan
5703,nan
5704,nan
5705,nan
5706,nan
5707,nan
5708,nan
5709,nan
5710,nan
5711,nan
5712,nan
5713,nan
5714,nan
5715,nan
5716,nan
5717,nan
5718,nan
5719,nan
5720,nan
5721,nan
5722,nan
5723,nan
5724,nan
5725,nan
5726,nan
5727,nan
5728,nan
5729,nan
5730,nan
5731,nan
5732,nan
5733,nan
5734,nan
5735,nan
5736,nan
5737,nan
5738,nan
5739,nan
5740,nan
5741,nan
5742,nan
5743,nan
5744,nan
5745,nan
5746,nan
5747,nan
5748,nan
5749,nan
5750,nan
5751,nan
5752,nan
5753,nan
5754,nan
5755,nan
5756,nan
5757,nan
5758,nan
5759,nan
5760,nan
5761,nan
5762,nan
5763,nan
5764,nan
5765,nan
5766,nan
5767,nan
5768,nan
5769,nan
5770,nan
5771,nan
5772,nan
5773,nan
5774,nan
5775,nan
5776,nan
5777,nan
5778,nan
5779,nan
5780,nan
5781,nan
5782,nan
5783,nan
5784,nan
5785,nan
5786,nan
5787,nan
5788,nan
5789,nan
5790,nan
5791,nan
5792,nan
5793,nan
5794,nan
5795,nan
5796,nan
5797,nan
5798,nan
5799,nan
5800,nan
5801,nan
5802,nan
5803,nan
5804,nan
5805,nan
5806,nan
5807,nan
5808,nan
5809,nan
5810,nan
5811,nan
5812,nan
5813,nan
5814,nan
5815,nan
5816,nan
5817,nan
5818,nan
5819,nan
5820,nan
5821,nan
5822,nan
5823,nan
5824,nan
5825,nan
5826,nan
5827,nan
5828,nan
5829,nan
5830,nan
5831,nan
5832,nan
5833,nan
5834,nan
5835,nan
5836,nan
5837,nan
5838,nan
5839,nan
5840,nan
5841,nan
5842,nan
5843,nan
5844,nan
5845,nan
5846,nan
5847,nan
5848,nan
5849,nan
5850,nan
5851,nan
5852,nan
5853,nan
5854,nan
5855,nan
5856,nan
5857,nan
5858,nan
5859,nan
5860,nan
5861,nan
5862,nan
5863,nan
5864,nan
5865,nan
5866,nan
5867,nan
5868,nan
5869,nan
5870,nan
5871,nan
5872,nan
5873,nan
5874,nan
5875,nan
5876,nan
5877,nan
5878,nan
5879,nan
5880,nan
5881,nan
5882,nan
5883,nan
5884,nan
5885,nan
5886,nan
5887,nan
5888,nan
5889,nan
5890,nan
5891,nan
5892,nan
5893,1
5894,nan
5895,nan
5896,nan
5897,nan
5898,nan
5899,nan
5900,nan
5901,nan
5902,nan
5903,nan
5904,nan
5905,nan
5906,nan
5907,nan
5908,nan
5909,nan
5910,nan
5911,nan
5912,nan
5913,nan
5914,nan
5915,nan
5916,nan
5917,nan
5918,nan
5919,nan
5920,nan
5921,nan
5922,nan
5923,nan
5924,nan
5925,nan
5926,nan
5927,nan
5928,nan
5929,nan
5930,nan
5931,nan
5932,nan
5933,nan
5934,nan
5935,nan
5936,nan
5937,nan
5938,nan
5939,nan
5940,nan
5941,nan
5942,nan
5943,nan
5944,nan
5945,nan
5946,nan
5947,nan
5948,nan
5949,nan
5950,nan
5951,nan
5952,nan
5953,nan
5954,nan
5955,nan
5956,nan
5957,nan
5958,nan
5959,nan
5960,nan
5961,nan
5962,nan
5963,nan
5964,nan
5965,nan
5966,nan
5967,nan
5968,nan
5969,nan
5970,nan
5971,nan
5972,nan
5973,nan
5974,nan
5975,nan
5976,nan
5977,nan
5978,nan
5979,nan
5980,nan
5981,nan
5982,nan
5983,nan
5984,nan
5985,nan
5986,nan
5987,nan
5988,nan
5989,nan
5990,nan
5991,nan
5992,nan
5993,nan
5994,nan
5995,nan
5996,nan
5997,nan
5998,nan
5999,nan
6000,nan
6001,nan
6002,nan
6003,nan
6004,nan
6005,nan
6006,nan
6007,nan
6008,nan
6009,nan
6010,nan
6011,nan
6012,nan
6013,nan
6014,nan
6015,nan
6016,nan
6017,nan
6018,nan
6019,nan
6020,nan
6021,nan
6022,nan
6023,nan
6024,nan
6025,nan
6026,nan
6027,nan
6028,nan
6029,nan
6030,nan
6031,nan
6032,nan
6033,nan
6034,nan
6035,nan
6036,nan
6037,nan
6038,nan
6039,nan
6040,nan
6041,nan
6042,nan
6043,nan
6044,nan
6045,nan
6046,nan
6047,nan
6048,nan
6049,nan
6050,nan
6051,nan
6052,nan
6053,nan
6054,nan
6055,nan
6056,nan
6057,nan
6058,nan
6059,nan
6060,nan
6061,nan
6062,nan
6063,nan
6064,nan
6065,nan
6066,nan
6067,nan
6068,nan
6069,nan
6070,nan
6071,nan
6072,nan
6073,nan
6074,nan
6075,nan
6076,nan
6077,nan
6078,nan
6079,nan
6080,nan
6081,nan
6082,nan
6083,nan
6084,nan
6085,nan
6086,nan
6087,nan
6088,nan
6089,nan
6090,nan
6091,nan
6092,nan
6093,nan
6094,nan
6095,nan
6096,nan
6097,nan
6098,nan
6099,nan
6100,nan
6101,nan
6102,nan
6103,nan
6104,nan
6105,nan
6106,nan
6107,nan
6108,nan
6109,nan
6110,nan
6111,nan
6112,nan
6113,nan
6114,nan
6115,nan
6116,nan
6117,nan
6118,nan
6119,nan
6120,nan
6121,nan
6122,nan
6123,nan
6124,nan
6125,nan
6126,nan
6127,nan
6128,nan
6129,nan
6130,nan
6131,nan
6132,nan
6133,nan
6134,nan
6135,nan
6136,nan
6137,nan
6138,nan
6139,nan
6140,nan
6141,nan
6142,nan
6143,nan
6144,nan
6145,nan
6146,nan
6147,nan
6148,nan
6149,nan
6150,nan
6151,nan
6152,nan
6153,nan
6154,nan
6155,nan
6156,nan
6157,nan
6158,nan
6159,nan
6160,nan
6161,nan
6162,nan
6163,nan
6164,nan
6165,nan
6166,nan
6167,nan
6168,nan
6169,nan
6170,nan
6171,nan
6172,nan
6173,nan
6174,nan
6175,nan
6176,nan
6177,nan
6178,nan
6179,nan
6180,nan
6181,nan
6182,nan
6183,nan
6184,nan
6185,nan
6186,nan
6187,nan
6188,nan
6189,nan
6190,nan
6191,nan
6192,nan
6193,nan
6194,nan
6195,nan
6196,nan
6197,nan
6198,nan
6199,nan
6200,nan
6201,nan
6202,nan
6203,nan
6204,nan
6205,nan
6206,nan
6207,nan
6208,nan
6209,nan
6210,nan
6211,nan
6212,nan
6213,nan
6214,nan
6215,nan
6216,nan
6217,nan
6218,nan
6219,nan
6220,nan
6221,nan
6222,nan
6223,nan
6224,nan
6225,nan
6226,nan
6227,nan
6228,nan
6229,nan
6230,nan
6231,nan
6232,nan
6233,nan
6234,nan
6235,nan
6236,nan
6237,nan
6238,nan
6239,nan
6240,nan
6241,nan
6242,nan
6243,nan
6244,nan
6245,nan
6246,nan
6247,nan
6248,nan
6249,nan
6250,nan
6251,nan
6252,nan
6253,nan
6254,nan
6255,nan
6256,nan
6257,nan
6258,nan
6259,nan
6260,nan
6261,nan
6262,nan
6263,nan
6264,nan
6265,nan
6266,nan
6267,nan
6268,nan
6269,nan
6270,nan
6271,nan
6272,nan
6273,nan
6274,nan
6275,nan
6276,nan
6277,nan
6278,nan
6279,nan
6280,nan
6281,nan
6282,nan
6283,nan
6284,nan
6285,nan
6286,nan
6287,nan
6288,nan
6289,nan
6290,nan
6291,nan
6292,nan
6293,nan
6294,nan
6295,nan
6296,nan
6297,nan
6298,nan
6299,nan
6300,nan
6301,nan
6302,nan
6303,nan
6304,nan
6305,nan
6306,nan
6307,nan
6308,nan
6309,nan
6310,nan
6311,nan
6312,nan
6313,nan
6314,nan
6315,nan
6316,nan
6317,nan
6318,nan
6319,nan
6320,nan
6321,nan
6322,nan
6323,nan
6324,nan
6325,nan
6326,nan
6327,nan
6328,nan
6329,nan
6330,nan
6331,nan
6332,nan
6333,nan
6334,nan
6335,nan
6336,nan
6337,nan
6338,nan
6339,nan
6340,nan
6341,nan
6342,nan
6343,nan
6344,nan
6345,nan
6346,nan
6347,nan
6348,nan
6349,nan
6350,nan
6351,nan
6352,nan
6353,nan
6354,nan
6355,nan
6356,nan
6357,nan
6358,nan
6359,nan
6360,nan
6361,nan
6362,nan
6363,nan
6364,nan
6365,nan
6366,nan
6367,nan
6368,nan
6369,nan
6370,nan
6371,nan
6372,nan
6373,nan
6374,nan
6375,nan
6376,nan
6377,nan
6378,nan
6379,nan
6380,nan
6381,nan
6382,nan
6383,nan
6384,nan
6385,nan
6386,nan
6387,nan
6388,nan
6389,nan
6390,nan
6391,nan
6392,nan
6393,nan
6394,nan
6395,nan
6396,nan
6397,nan
6398,nan
6399,nan
6400,nan
6401,nan
6402,nan
6403,nan
6404,nan
6405,nan
6406,nan
6407,nan
6408,nan
6409,nan
6410,nan
6411,nan
6412,nan
6413,nan
6414,nan
6415,nan
6416,nan
6417,nan
6418,nan
6419,nan
6420,nan
6421,nan
6422,nan
6423,nan
6424,nan
6425,nan
6426,nan
6427,nan
6428,nan
6429,nan
6430,nan
6431,nan
6432,nan
6433,nan
6434,nan
6435,nan
6436,nan
6437,nan
6438,nan
6439,nan
6440,nan
6441,nan
6442,nan
6443,nan
6444,nan
6445,nan
6446,nan
6447,nan
6448,nan
6449,nan
6450,nan
6451,nan
6452,nan
6453,nan
6454,nan
6455,nan
6456,nan
6457,nan
6458,nan
6459,nan
6460,nan
6461,nan
6462,nan
6463,nan
6464,nan
6465,nan
6466,nan
6467,nan
6468,nan
6469,nan
6470,nan
6471,nan
6472,nan
6473,nan
6474,nan
6475,nan
6476,nan
6477,nan
6478,nan
6479,nan
6480,nan
6481,nan
6482,nan
6483,nan
6484,nan
6485,nan
6486,nan
6487,nan
6488,nan
6489,nan
6490,nan
6491,nan
6492,nan
6493,nan
6494,nan
6495,nan
6496,nan
6497,nan
6498,nan
6499,nan
6500,nan
6501,nan
6502,nan
6503,nan
6504,nan
6505,nan
6506,nan
6507,nan
6508,nan
6509,nan
6510,nan
6511,nan
6512,nan
6513,nan
6514,nan
6515,nan
6516,nan
6517,nan
6518,nan
6519,nan
6520,nan
6521,nan
6522,nan
6523,nan
6524,nan
6525,nan
6526,nan
6527,nan
6528,nan
6529,nan
6530,nan
6531,nan
6532,nan
6533,nan
6534,nan
6535,nan
6536,nan
6537,nan
6538,nan
6539,nan
6540,nan
6541,nan
6542,nan
6543,nan
6544,nan
6545,nan
6546,nan
6547,nan
6548,nan
6549,nan
6550,nan
6551,nan
6552,nan
6553,nan
6554,nan
6555,nan
6556,nan
6557,nan
6558,nan
6559,nan
6560,nan
6561,nan
6562,nan
6563,nan
6564,nan
6565,nan
6566,nan
6567,nan
6568,nan
6569,nan
6570,nan
6571,nan
6572,nan
6573,nan
6574,nan
6575,nan
6576,nan
6577,nan
6578,nan
6579,nan
6580,nan
6581,nan
6582,nan
6583,nan
6584,nan
6585,nan
6586,nan
6587,nan
6588,nan
6589,nan
6590,nan
6591,nan
6592,nan
6593,nan
6594,nan
6595,nan
6596,nan
6597,nan
6598,nan
6599,nan
6600,nan
6601,nan
6602,nan
6603,nan
6604,nan
6605,nan
6606,nan
6607,nan
6608,nan
6609,nan
6610,nan
6611,nan
6612,nan
6613,nan
6614,nan
6615,nan
6616,nan
6617,nan
6618,nan
6619,nan
6620,nan
6621,nan
6622,nan
6623,nan
6624,nan
6625,nan
6626,nan
6627,nan
6628,nan
6629,nan
6630,nan
6631,nan
6632,nan
6633,nan
6634,nan
6635,nan
6636,nan
6637,nan
6638,nan
6639,nan
6640,nan
6641,nan
6642,nan
6643,nan
6644,nan
6645,nan
6646,nan
6647,nan
6648,nan
6649,nan
6650,nan
6651,nan
6652,nan
6653,nan
6654,nan
6655,nan
6656,nan
6657,nan
6658,nan
6659,nan
6660,nan
6661,nan
6662,nan
6663,nan
6664,nan
6665,nan
6666,nan
6667,nan
6668,nan
6669,nan
6670,nan
6671,nan
6672,nan
6673,nan
6674,nan
6675,nan
6676,nan
6677,nan
6678,nan
6679,nan
6680,nan
6681,nan
6682,nan
6683,nan
6684,nan
6685,nan
6686,nan
6687,nan
6688,nan
6689,nan
6690,nan
6691,nan
6692,nan
6693,nan
6694,nan
6695,nan
6696,nan
6697,nan
6698,nan
6699,nan
6700,nan
6701,nan
6702,nan
6703,nan
6704,nan
6705,nan
6706,nan
6707,nan
6708,nan
6709,nan
6710,nan
6711,nan
6712,nan
6713,nan
6714,nan
6715,nan
6716,nan
6717,nan
6718,nan
6719,nan
6720,nan
6721,nan
6722,nan
6723,nan
6724,nan
6725,nan
6726,nan
6727,nan
6728,nan
6729,nan
6730,nan
6731,nan
6732,nan
6733,nan
6734,nan
6735,nan
6736,nan
6737,nan
6738,nan
6739,nan
6740,nan
6741,nan
6742,nan
6743,nan
6744,nan
6745,nan
6746,nan
6747,nan
6748,nan
6749,nan
6750,nan
6751,nan
6752,nan
6753,nan
6754,nan
6755,nan
6756,nan
6757,nan
6758,nan
6759,nan
6760,nan
6761,nan
6762,nan
6763,nan
6764,nan
6765,nan
6766,nan
6767,nan
6768,nan
6769,nan
6770,nan
6771,nan
6772,nan
6773,nan
6774,nan
6775,nan
6776,nan
6777,nan
6778,nan
6779,nan
6780,nan
6781,nan
6782,nan
6783,nan
6784,nan
6785,nan
6786,nan
6787,nan
6788,nan
6789,nan
6790,nan
6791,nan
6792,nan
6793,nan
6794,nan
6795,nan
6796,nan
6797,nan
6798,nan
6799,nan
6800,nan
6801,nan
6802,nan
6803,nan
6804,nan
6805,nan
6806,nan
6807,nan
6808,nan
6809,nan
6810,nan
6811,nan
6812,nan
6813,nan
6814,nan
6815,nan
6816,nan
6817,nan
6818,nan
6819,nan
6820,nan
6821,nan
6822,nan
6823,nan
6824,nan
6825,nan
6826,nan
6827,nan
6828,nan
6829,nan
6830,nan
6831,nan
6832,nan
6833,nan
6834,nan
6835,nan
6836,nan
6837,nan
6838,nan
6839,nan
6840,nan
6841,nan
6842,nan
6843,nan
6844,nan
6845,nan
6846,nan
6847,nan
6848,nan
6849,nan
6850,nan
6851,nan
6852,nan
6853,nan
6854,nan
6855,nan
6856,nan
6857,nan
6858,nan
6859,nan
6860,nan
6861,nan
6862,nan
6863,nan
6864,nan
6865,nan
6866,nan
6867,nan
6868,nan
6869,nan
6870,nan
6871,nan
6872,nan
6873,nan
6874,nan
6875,nan
6876,nan
6877,nan
6878,nan
6879,nan
6880,nan
6881,nan
6882,nan
6883,nan
6884,nan
6885,nan
6886,nan
6887,nan
6888,nan
6889,nan
6890,nan
6891,nan
6892,nan
6893,nan
6894,nan
6895,nan
6896,nan
6897,nan
6898,nan
6899,nan
6900,nan
6901,nan
6902,nan
6903,nan
6904,nan
6905,nan
6906,nan
6907,nan
6908,nan
6909,nan
6910,nan
6911,nan
6912,nan
6913,nan
6914,nan
6915,nan
6916,nan
6917,nan
6918,nan
6919,nan
6920,nan
6921,nan
6922,nan
6923,nan
6924,nan
6925,nan
6926,nan
6927,nan
6928,nan
6929,nan
6930,nan
6931,nan
6932,nan
6933,nan
6934,nan
6935,nan
6936,nan
6937,nan
6938,nan
6939,nan
6940,nan
6941,nan
6942,nan
6943,nan
6944,nan
6945,nan
6946,nan
6947,nan
6948,nan
6949,nan
6950,nan
6951,nan
6952,nan
6953,nan
6954,nan
6955,nan
6956,nan
6957,nan
6958,nan
6959,nan
6960,nan
6961,nan
6962,nan
6963,nan
6964,nan
6965,nan
6966,nan
6967,nan
6968,nan
6969,nan
6970,nan
6971,nan
6972,nan
6973,nan
6974,nan
6975,nan
6976,nan
6977,nan
6978,nan
6979,nan
6980,nan
6981,nan
6982,nan
6983,nan
6984,nan
6985,nan
6986,nan
6987,nan
6988,nan
6989,nan
6990,nan
6991,nan
6992,nan
6993,nan
6994,nan
6995,nan
6996,nan
6997,nan
6998,nan
6999,nan
7000,nan
7001,nan
7002,nan
7003,nan
7004,nan
7005,nan
7006,nan
7007,nan
7008,nan
7009,nan
7010,nan
7011,nan
7012,nan
7013,nan
7014,nan
7015,nan
7016,nan
7017,nan
7018,nan
7019,nan
7020,nan
7021,nan
7022,nan
7023,nan
7024,nan
7025,nan
7026,nan
7027,nan
7028,nan
7029,nan
7030,nan
7031,nan
7032,nan
7033,nan
7034,nan
7035,nan
7036,nan
7037,nan
7038,nan
7039,nan
7040,nan
7041,nan
7042,nan
7043,nan
7044,nan
7045,nan
7046,nan
7047,nan
7048,nan
7049,nan
7050,nan
7051,nan
7052,nan
7053,nan
7054,nan
7055,nan
7056,nan
7057,nan
7058,nan
7059,nan
7060,nan
7061,nan
7062,nan
7063,nan
7064,nan
7065,nan
7066,nan
7067,nan
7068,nan
7069,nan
7070,nan
7071,nan
7072,nan
7073,nan
7074,nan
7075,nan
7076,nan
7077,nan
7078,nan
7079,nan
7080,nan
7081,nan
7082,nan
7083,nan
7084,nan
7085,nan
7086,nan
7087,nan
7088,nan
7089,nan
7090,nan
7091,nan
7092,nan
7093,nan
7094,nan
7095,nan
7096,nan
7097,nan
7098,nan
7099,nan
7100,nan
7101,nan
7102,nan
7103,nan
7104,nan
7105,nan
7106,nan
7107,nan
7108,nan
7109,nan
7110,nan
7111,nan
7112,nan
7113,nan
7114,nan
7115,nan
7116,nan
7117,nan
7118,nan
7119,nan
7120,nan
7121,nan
7122,nan
7123,nan
7124,nan
7125,nan
7126,nan
7127,nan
7128,nan
7129,nan
7130,nan
7131,nan
7132,nan
7133,nan
7134,nan
7135,nan
7136,nan
7137,nan
7138,nan
7139,nan
7140,nan
7141,nan
7142,nan
7143,nan
7144,nan
7145,nan
7146,nan
7147,nan
7148,nan
7149,nan
7150,nan
7151,nan
7152,nan
7153,nan
7154,nan
7155,nan
7156,nan
7157,nan
7158,nan
7159,nan
7160,nan
7161,nan
7162,nan
7163,nan
7164,nan
7165,nan
7166,nan
7167,nan
7168,nan
7169,nan
7170,nan
7171,nan
7172,nan
7173,nan
7174,nan
7175,nan
7176,nan
7177,nan
7178,nan
7179,nan
7180,nan
7181,nan
7182,nan
7183,nan
7184,nan
7185,nan
7186,nan
7187,nan
7188,nan
7189,nan
7190,nan
7191,nan
7192,nan
7193,nan
7194,nan
7195,nan
7196,nan
7197,nan
7198,nan
7199,nan
7200,nan
7201,nan
7202,nan
7203,nan
7204,nan
7205,nan
7206,nan
7207,nan
7208,nan
7209,nan
7210,nan
7211,nan
7212,nan
7213,nan
7214,nan
7215,nan
7216,nan
7217,nan
7218,nan
7219,nan
7220,nan
7221,nan
7222,nan
7223,nan
7224,nan
7225,nan
7226,nan
7227,nan
7228,nan
7229,nan
7230,nan
7231,nan
7232,nan
7233,nan
7234,nan
7235,nan
7236,nan
7237,nan
7238,nan
7239,nan
7240,nan
7241,nan
7242,nan
7243,nan
7244,nan
7245,nan
7246,nan
7247,nan
7248,nan
7249,nan
7250,nan
7251,nan
7252,nan
7253,nan
7254,nan
7255,nan
7256,nan
7257,nan
7258,nan
7259,nan
7260,nan
7261,nan
7262,nan
7263,nan
7264,nan
7265,2
7266,nan
7267,nan
7268,nan
7269,nan
7270,nan
7271,nan
7272,nan
7273,nan
7274,nan
7275,nan
7276,nan
7277,nan
7278,nan
7279,nan
7280,nan
7281,nan
7282,nan
7283,nan
7284,nan
7285,nan
7286,nan
7287,nan
7288,nan
7289,nan
7290,nan
7291,nan
7292,nan
7293,nan
7294,nan
7295,nan
7296,nan
7297,nan
7298,nan
7299,nan
7300,nan
7301,nan
7302,nan
7303,nan
7304,nan
7305,nan
7306,nan
7307,nan
7308,nan
7309,nan
7310,nan
7311,nan
7312,nan
7313,nan
7314,nan
7315,nan
7316,nan
7317,nan
7318,nan
7319,nan
7320,nan
7321,nan
7322,nan
7323,nan
7324,nan
7325,nan
7326,nan
7327,nan
7328,nan
7329,nan
7330,nan
7331,nan
7332,nan
7333,nan
7334,nan
7335,nan
7336,nan
7337,nan
7338,nan
7339,nan
7340,nan
7341,nan
7342,nan
7343,nan
7344,nan
7345,nan
7346,nan
7347,nan
7348,nan
7349,nan
7350,nan
7351,nan
7352,nan
7353,nan
7354,nan
7355,nan
7356,nan
7357,nan
7358,nan
7359,nan
7360,nan
7361,nan
7362,nan
7363,nan
7364,nan
7365,nan
7366,nan
7367,nan
7368,nan
7369,nan
7370,nan
7371,nan
7372,nan
7373,nan
7374,nan
7375,nan
7376,nan
7377,nan
7378,nan
7379,nan
7380,nan
7381,nan
7382,nan
7383,nan
7384,nan
7385,nan
7386,nan
7387,nan
7388,nan
7389,nan
7390,nan
7391,nan
7392,nan
7393,nan
7394,nan
7395,nan
7396,nan
7397,nan
7398,nan
7399,nan
7400,nan
7401,nan
7402,nan
7403,nan
7404,nan
7405,nan
7406,nan
7407,nan
7408,nan
7409,nan
7410,nan
7411,nan
7412,nan
7413,nan
7414,nan
7415,nan
7416,nan
7417,nan
7418,nan
7419,nan
7420,nan
7421,nan
7422,nan
7423,nan
7424,nan
7425,nan
7426,nan
7427,nan
7428,nan
7429,nan
7430,nan
7431,nan
7432,nan
7433,nan
7434,nan
7435,nan
7436,nan
7437,nan
7438,nan
7439,nan
7440,nan
7441,nan
7442,nan
7443,nan
7444,nan
7445,nan
7446,nan
7447,nan
7448,nan
7449,nan
7450,nan
7451,nan
7452,nan
7453,nan
7454,nan
7455,nan
7456,nan
7457,nan
7458,nan
7459,nan
7460,nan
7461,nan
7462,nan
7463,nan
7464,nan
7465,nan
7466,nan
7467,nan
7468,nan
7469,nan
7470,nan
7471,nan
7472,nan
7473,nan
7474,nan
7475,nan
7476,nan
7477,nan
7478,nan
7479,nan
7480,nan
7481,nan
7482,nan
7483,nan
7484,nan
7485,nan
7486,nan
7487,nan
7488,nan
7489,nan
7490,nan
7491,nan
7492,nan
7493,nan
7494,nan
7495,nan
7496,nan
7497,nan
7498,nan
7499,nan
7500,nan
7501,nan
7502,nan
7503,nan
7504,nan
7505,nan
7506,nan
7507,nan
7508,nan
7509,nan
7510,nan
7511,nan
7512,nan
7513,nan
7514,nan
7515,nan
7516,nan
7517,nan
7518,nan
7519,nan
7520,nan
7521,nan
7522,nan
7523,nan
7524,nan
7525,nan
7526,nan
7527,nan
7528,nan
7529,nan
7530,nan
7531,nan
7532,nan
7533,nan
7534,nan
7535,nan
7536,nan
7537,nan
7538,nan
7539,nan
7540,nan
7541,nan
7542,nan
7543,nan
7544,nan
7545,nan
7546,nan
7547,nan
7548,nan
7549,nan
7550,nan
7551,nan
7552,nan
7553,nan
7554,nan
7555,nan
7556,nan
7557,nan
7558,nan
7559,nan
7560,nan
7561,nan
7562,nan
7563,nan
7564,nan
7565,nan
7566,nan
7567,nan
7568,nan
7569,nan
7570,nan
7571,nan
7572,nan
7573,nan
7574,nan
7575,nan
7576,nan
7577,nan
7578,nan
7579,nan
7580,nan
7581,nan
7582,nan
7583,nan
7584,nan
7585,nan
7586,nan
7587,nan
7588,nan
7589,nan
7590,nan
7591,nan
7592,nan
7593,nan
7594,nan
7595,nan
7596,nan
7597,nan
7598,nan
7599,nan
7600,nan
7601,nan
7602,nan
7603,nan
7604,nan
7605,nan
7606,nan
7607,nan
7608,nan
7609,nan
7610,nan
7611,nan
7612,nan
7613,nan
7614,nan
7615,nan
7616,nan
7617,nan
7618,nan
7619,nan
7620,nan
7621,nan
7622,nan
7623,nan
7624,nan
7625,nan
7626,nan
7627,nan
7628,nan
7629,nan
7630,nan
7631,nan
7632,nan
7633,nan
7634,nan
7635,nan
7636,nan
7637,nan
7638,nan
7639,nan
7640,nan
7641,nan
7642,nan
7643,nan
7644,nan
7645,nan
7646,nan
7647,nan
7648,nan
7649,nan
7650,nan
7651,nan
7652,nan
7653,nan
7654,nan
7655,nan
7656,nan
7657,nan
7658,nan
7659,nan
7660,nan
7661,nan
7662,nan
7663,nan
7664,nan
7665,nan
7666,nan
7667,nan
7668,nan
7669,nan
7670,nan
7671,nan
7672,nan
7673,nan
7674,nan
7675,nan
7676,nan
7677,nan
7678,nan
7679,nan
7680,nan
7681,nan
7682,nan
7683,nan
7684,nan
7685,nan
7686,nan
7687,nan
7688,nan
7689,nan
7690,nan
7691,nan
7692,1
7693,nan
7694,nan
7695,nan
7696,nan
7697,nan
7698,nan
7699,nan
7700,nan
7701,nan
7702,nan
7703,nan
7704,nan
7705,nan
7706,nan
7707,nan
7708,nan
7709,nan
7710,nan
7711,nan
7712,nan
7713,nan
7714,nan
7715,nan
7716,nan
7717,nan
7718,nan
7719,nan
7720,nan
7721,nan
7722,nan
7723,nan
7724,nan
7725,nan
7726,nan
7727,nan
7728,nan
7729,nan
7730,nan
7731,nan
7732,nan
7733,nan
7734,nan
7735,nan
7736,nan
7737,nan
7738,nan
7739,nan
7740,nan
7741,nan
7742,nan
7743,nan
7744,nan
7745,nan
7746,nan
7747,nan
7748,nan
7749,nan
7750,nan
7751,nan
7752,nan
7753,nan
7754,nan
7755,nan
7756,nan
7757,nan
7758,nan
7759,nan
7760,nan
7761,nan
7762,nan
7763,nan
7764,nan
7765,nan
7766,nan
7767,nan
7768,nan
7769,nan
7770,nan
7771,nan
7772,nan
7773,nan
7774,nan
7775,nan
7776,nan
7777,nan
7778,nan
7779,nan
7780,nan
7781,nan
7782,nan
7783,nan
7784,nan
7785,nan
7786,nan
7787,nan
7788,nan
7789,nan
7790,nan
7791,nan
7792,nan
7793,nan
7794,nan
7795,nan
7796,nan
7797,nan
7798,nan
7799,nan
7800,nan
7801,nan
7802,nan
7803,nan
7804,nan
7805,nan
7806,nan
7807,nan
7808,nan
7809,nan
7810,nan
7811,nan
7812,nan
7813,nan
7814,nan
7815,nan
7816,nan
7817,nan
7818,nan
7819,nan
7820,nan
7821,nan
7822,nan
7823,nan
7824,nan
7825,nan
7826,nan
7827,nan
7828,nan
7829,nan
7830,nan
7831,nan
7832,nan
7833,nan
7834,nan
7835,nan
7836,nan
7837,nan
7838,nan
7839,nan
7840,nan
7841,nan
7842,nan
7843,nan
7844,nan
7845,nan
7846,nan
7847,nan
7848,nan
7849,nan
7850,nan
7851,nan
7852,nan
7853,nan
7854,nan
7855,nan
7856,nan
7857,nan
7858,nan
7859,nan
7860,nan
7861,nan
7862,nan
7863,nan
7864,nan
7865,nan
7866,nan
7867,nan
7868,nan
7869,nan
7870,nan
7871,nan
7872,nan
7873,nan
7874,nan
7875,nan
7876,nan
7877,nan
7878,nan
7879,nan
7880,nan
7881,nan
7882,nan
7883,nan
7884,nan
7885,nan
7886,nan
7887,nan
7888,nan
7889,nan
7890,nan
7891,nan
7892,nan
7893,nan
7894,nan
7895,nan
7896,nan
7897,nan
7898,nan
7899,nan
7900,nan
7901,nan
7902,nan
7903,nan
7904,nan
7905,nan
7906,nan
7907,nan
7908,nan
7909,nan
7910,nan
7911,nan
7912,nan
7913,nan
7914,nan
7915,nan
7916,nan
7917,nan
7918,nan
7919,nan
7920,nan
7921,nan
7922,nan
7923,nan
7924,nan
7925,nan
7926,nan
7927,nan
7928,nan
7929,nan
7930,nan
7931,nan
7932,nan
7933,nan
7934,nan
7935,nan
7936,nan
7937,nan
7938,nan
7939,nan
7940,nan
7941,nan
7942,nan
7943,nan
7944,nan
7945,nan
7946,nan
7947,nan
7948,nan
7949,nan
7950,nan
7951,nan
7952,nan
7953,nan
7954,nan
7955,nan
7956,nan
7957,nan
7958,nan
7959,nan
7960,nan
7961,nan
7962,nan
7963,nan
7964,nan
7965,nan
7966,nan
7967,nan
7968,nan
7969,nan
7970,nan
7971,nan
7972,nan
7973,nan
7974,nan
7975,nan
7976,nan
7977,nan
7978,nan
7979,nan
7980,nan
7981,nan
7982,nan
7983,nan
7984,nan
7985,nan
7986,nan
7987,nan
7988,nan
7989,nan
7990,nan
7991,nan
7992,nan
7993,nan
7994,nan
7995,nan
7996,nan
7997,nan
7998,nan
7999,nan
8000,nan
8001,nan
8002,nan
8003,nan
8004,nan
8005,nan
8006,nan
8007,nan
8008,nan
8009,nan
8010,nan
8011,nan
8012,nan
8013,nan
8014,nan
8015,nan
8016,nan
8017,nan
8018,nan
8019,nan
8020,nan
8021,nan
8022,nan
8023,nan
8024,nan
8025,nan
8026,nan
8027,nan
8028,nan
8029,nan
8030,nan
8031,nan
8032,nan
8033,nan
8034,nan
8035,nan
8036,nan
8037,nan
8038,nan
8039,nan
8040,nan
8041,nan
8042,nan
8043,nan
8044,nan
8045,nan
8046,nan
8047,nan
8048,nan
8049,nan
8050,nan
8051,nan
8052,nan
8053,nan
8054,nan
8055,nan
8056,nan
8057,nan
8058,nan
8059,nan
8060,nan
8061,nan
8062,nan
8063,nan
8064,nan
8065,nan
8066,nan
8067,nan
8068,nan
8069,nan
8070,nan
8071,nan
8072,nan
8073,nan
8074,nan
8075,nan
8076,nan
8077,nan
8078,nan
8079,nan
8080,nan
8081,nan
8082,nan
8083,nan
8084,nan
8085,nan
8086,nan
8087,nan
8088,nan
8089,nan
8090,nan
8091,nan
8092,nan
8093,nan
8094,nan
8095,nan
8096,nan
8097,nan
8098,nan
8099,nan
8100,nan
8101,nan
8102,nan
8103,nan
8104,nan
8105,nan
8106,nan
8107,nan
8108,nan
8109,nan
8110,nan
8111,nan
8112,nan
8113,nan
8114,nan
8115,nan
8116,nan
8117,nan
8118,nan
8119,nan
8120,nan
8121,nan
8122,nan
8123,nan
8124,nan
8125,nan
8126,nan
8127,nan
8128,nan
8129,nan
8130,nan
8131,nan
8132,nan
8133,nan
8134,nan
8135,nan
8136,nan
8137,nan
8138,nan
8139,nan
8140,nan
8141,nan
8142,nan
8143,nan
8144,nan
8145,nan
8146,nan
8147,nan
8148,nan
8149,nan
8150,nan
8151,nan
8152,nan
8153,nan
8154,nan
8155,nan
8156,nan
8157,nan
8158,nan
8159,nan
8160,nan
8161,nan
8162,nan
8163,nan
8164,nan
8165,nan
8166,nan
8167,nan
8168,nan
8169,nan
8170,nan
8171,nan
8172,nan
8173,nan
8174,nan
8175,nan
8176,nan
8177,nan
8178,nan
8179,nan
8180,nan
8181,nan
8182,nan
8183,nan
8184,nan
8185,nan
8186,nan
8187,nan
8188,nan
8189,nan
8190,nan
8191,nan
8192,nan
8193,nan
8194,nan
8195,nan
8196,nan
8197,nan
8198,nan
8199,nan
8200,nan
8201,nan
8202,nan
8203,nan
8204,nan
8205,nan
8206,nan
8207,nan
8208,nan
8209,nan
8210,nan
8211,nan
8212,nan
8213,nan
8214,nan
8215,nan
8216,nan
8217,nan
8218,nan
8219,nan
8220,nan
8221,nan
8222,nan
8223,nan
8224,nan
8225,nan
8226,nan
8227,nan
8228,nan
8229,nan
8230,nan
8231,nan
8232,nan
8233,nan
8234,nan
8235,nan
8236,nan
8237,nan
8238,nan
8239,nan
8240,nan
8241,nan
8242,nan
8243,nan
8244,nan
8245,nan
8246,nan
8247,nan
8248,nan
8249,nan
8250,nan
8251,nan
8252,nan
8253,nan
8254,nan
8255,nan
8256,nan
8257,nan
8258,nan
8259,nan
8260,nan
8261,nan
8262,nan
8263,nan
8264,nan
8265,3
8266,nan
8267,nan
8268,nan
8269,nan
8270,nan
8271,nan
8272,nan
8273,nan
8274,nan
8275,nan
8276,nan
8277,nan
8278,nan
8279,nan
8280,nan
8281,nan
8282,nan
8283,nan
8284,nan
8285,nan
8286,nan
8287,nan
8288,nan
8289,nan
8290,nan
8291,nan
8292,nan
8293,nan
8294,nan
8295,nan
8296,nan
8297,nan
8298,nan
8299,nan
8300,nan
8301,nan
8302,nan
8303,nan
8304,nan
8305,nan
8306,nan
8307,nan
8308,nan
8309,nan
8310,nan
8311,nan
8312,nan
8313,nan
8314,nan
8315,nan
8316,nan
8317,nan
8318,nan
8319,nan
8320,nan
8321,nan
8322,nan
8323,nan
8324,nan
8325,nan
8326,nan
8327,nan
8328,nan
8329,nan
8330,nan
8331,nan
8332,nan
8333,nan
8334,nan
8335,nan
8336,nan
8337,nan
8338,nan
8339,nan
8340,nan
8341,nan
8342,nan
8343,nan
8344,nan
8345,nan
8346,nan
8347,nan
8348,nan
8349,nan
8350,nan
8351,nan
8352,nan
8353,nan
8354,nan
8355,nan
8356,nan
8357,nan
8358,nan
8359,nan
8360,nan
8361,nan
8362,nan
8363,nan
8364,nan
8365,nan
8366,nan
8367,nan
8368,nan
8369,nan
8370,nan
8371,nan
8372,nan
8373,nan
8374,nan
8375,nan
8376,nan
8377,nan
8378,nan
8379,nan
8380,nan
8381,nan
8382,nan
8383,nan
8384,nan
8385,nan
8386,nan
8387,nan
8388,nan
8389,nan
8390,nan
8391,nan
8392,nan
8393,nan
8394,nan
8395,nan
8396,nan
8397,nan
8398,nan
8399,nan
8400,nan
8401,nan
8402,nan
8403,nan
8404,nan
8405,nan
8406,nan
8407,nan
8408,nan
8409,nan
8410,nan
8411,nan
8412,nan
8413,nan
8414,nan
8415,nan
8416,nan
8417,nan
8418,nan
8419,nan
8420,nan
8421,nan
8422,nan
8423,nan
8424,nan
8425,nan
8426,nan
8427,nan
8428,nan
8429,nan
8430,nan
8431,nan
8432,nan
8433,nan
8434,nan
8435,nan
8436,nan
8437,nan
8438,nan
8439,nan
8440,nan
8441,nan
8442,nan
8443,nan
8444,nan
8445,nan
8446,nan
8447,nan
8448,nan
8449,nan
8450,nan
8451,nan
8452,nan
8453,nan
8454,nan
8455,nan
8456,nan
8457,nan
8458,nan
8459,nan
8460,nan
8461,nan
8462,nan
8463,nan
8464,nan
8465,nan
8466,nan
8467,nan
8468,nan
8469,nan
8470,nan
8471,nan
8472,nan
8473,nan
8474,nan
8475,nan
8476,nan
8477,nan
8478,nan
8479,nan
8480,nan
8481,nan
8482,nan
8483,nan
8484,nan
8485,nan
8486,nan
8487,nan
8488,nan
8489,nan
8490,nan
8491,nan
8492,nan
8493,nan
8494,nan
8495,nan
8496,nan
8497,nan
8498,nan
8499,nan
8500,nan
8501,nan
8502,nan
8503,nan
8504,nan
8505,nan
8506,nan
8507,nan
8508,nan
8509,nan
8510,nan
8511,nan
8512,nan
8513,nan
8514,nan
8515,nan
8516,nan
8517,nan
8518,nan
8519,nan
8520,nan
8521,nan
8522,nan
8523,nan
8524,nan
8525,nan
8526,nan
8527,nan
8528,nan
8529,nan
8530,nan
8531,nan
8532,nan
8533,nan
8534,nan
8535,nan
8536,nan
8537,nan
8538,nan
8539,nan
8540,nan
8541,nan
8542,nan
8543,nan
8544,nan
8545,nan
8546,nan
8547,nan
8548,nan
8549,nan
8550,nan
8551,nan
8552,nan
8553,nan
8554,nan
8555,nan
8556,nan
8557,nan
8558,nan
8559,nan
8560,nan
8561,nan
8562,nan
8563,nan
8564,nan
8565,nan
8566,nan
8567,nan
8568,nan
8569,nan
8570,nan
8571,nan
8572,nan
8573,nan
8574,nan
8575,nan
8576,nan
8577,nan
8578,nan
8579,nan
8580,nan
8581,nan
8582,nan
8583,nan
8584,nan
8585,nan
8586,nan
8587,nan
8588,nan
8589,nan
8590,nan
8591,nan
8592,nan
8593,nan
8594,nan
8595,nan
8596,nan
8597,nan
8598,nan
8599,nan
8600,nan
8601,nan
8602,nan
8603,nan
8604,nan
8605,nan
8606,nan
8607,nan
8608,nan
8609,nan
8610,nan
8611,nan
8612,nan
8613,nan
8614,nan
8615,nan
8616,nan
8617,nan
8618,nan
8619,nan
8620,nan
8621,nan
8622,nan
8623,nan
8624,nan
8625,nan
8626,nan
8627,nan
8628,nan
8629,nan
8630,nan
8631,nan
8632,nan
8633,nan
8634,nan
8635,nan
8636,nan
8637,nan
8638,nan
8639,nan
8640,nan
8641,nan
8642,nan
8643,nan
8644,nan
8645,nan
8646,nan
8647,nan
8648,nan
8649,nan
8650,nan
8651,nan
8652,nan
8653,nan
8654,nan
8655,nan
8656,nan
8657,nan
8658,nan
8659,nan
8660,nan
8661,nan
8662,nan
8663,nan
8664,nan
8665,nan
8666,nan
8667,nan
8668,nan
8669,nan
8670,nan
8671,nan
8672,nan
8673,nan
8674,nan
8675,nan
8676,nan
8677,nan
8678,nan
8679,nan
8680,nan
8681,nan
8682,nan
8683,nan
8684,nan
8685,nan
8686,nan
8687,nan
8688,nan
8689,nan
8690,nan
8691,nan
8692,nan
8693,nan
8694,nan
8695,nan
8696,nan
8697,nan
8698,nan
8699,nan
8700,nan
8701,nan
8702,nan
8703,nan
8704,nan
8705,nan
8706,nan
8707,nan
8708,nan
8709,nan
8710,nan
8711,nan
8712,nan
8713,nan
8714,nan
8715,nan
8716,nan
8717,nan
8718,nan
8719,nan
8720,nan
8721,nan
8722,nan
8723,nan
8724,nan
8725,nan
8726,nan
8727,nan
8728,nan
8729,nan
8730,nan
8731,nan
8732,nan
8733,nan
8734,nan
8735,nan
8736,nan
8737,nan
8738,nan
8739,nan
8740,nan
8741,nan
8742,nan
8743,nan
8744,nan
8745,nan
8746,nan
8747,nan
8748,nan
8749,nan
8750,nan
8751,nan
8752,nan
8753,nan
8754,nan
8755,nan
8756,nan
8757,nan
8758,nan
8759,nan
8760,nan
8761,nan
8762,nan
8763,nan
8764,nan
8765,nan
8766,nan
8767,nan
8768,nan
8769,nan
8770,nan
8771,nan
8772,nan
8773,nan
8774,nan
8775,nan
8776,nan
8777,nan
8778,nan
8779,nan
8780,nan
8781,nan
8782,nan
8783,nan
8784,nan
8785,nan
8786,nan
8787,nan
8788,nan
8789,nan
8790,nan
8791,nan
8792,nan
8793,nan
8794,nan
8795,nan
8796,nan
8797,nan
8798,nan
8799,nan
8800,nan
8801,nan
8802,nan
8803,nan
8804,nan
8805,nan
8806,nan
8807,nan
8808,nan
8809,nan
8810,nan
8811,nan
8812,nan
8813,nan
8814,nan
8815,nan
8816,nan
8817,nan
8818,nan
8819,nan
8820,nan
8821,nan
8822,nan
8823,nan
8824,nan
8825,nan
8826,nan
8827,nan
8828,nan
8829,nan
8830,nan
8831,nan
8832,nan
8833,nan
8834,nan
8835,nan
8836,nan
8837,nan
8838,nan
8839,nan
8840,nan
8841,nan
8842,nan
8843,nan
8844,nan
8845,nan
8846,nan
8847,nan
8848,nan
8849,nan
8850,nan
8851,nan
8852,nan
8853,nan
8854,nan
8855,nan
8856,nan
8857,nan
8858,nan
8859,nan
8860,nan
8861,nan
8862,nan
8863,nan
8864,nan
8865,nan
8866,nan
8867,nan
8868,nan
8869,nan
8870,nan
8871,nan
8872,nan
8873,nan
8874,nan
8875,nan
8876,nan
8877,nan
8878,nan
8879,nan
8880,nan
8881,nan
8882,nan
8883,nan
8884,nan
8885,nan
8886,nan
8887,nan
8888,nan
8889,nan
8890,nan
8891,nan
8892,nan
8893,nan
8894,nan
8895,nan
8896,nan
8897,nan
8898,nan
8899,nan
8900,nan
8901,nan
8902,nan
8903,nan
8904,nan
8905,nan
8906,nan
8907,nan
8908,nan
8909,nan
8910,nan
8911,nan
8912,nan
8913,nan
8914,nan
8915,nan
8916,nan
8917,nan
8918,nan
8919,nan
8920,nan
8921,nan
8922,nan
8923,nan
8924,nan
8925,nan
8926,nan
8927,nan
8928,nan
8929,nan
8930,nan
8931,nan
8932,nan
8933,nan
8934,nan
8935,nan
8936,nan
8937,nan
8938,nan
8939,nan
8940,nan
8941,nan
8942,nan
8943,nan
8944,nan
8945,nan
8946,nan
8947,nan
8948,nan
8949,nan
8950,nan
8951,nan
8952,nan
8953,nan
8954,nan
8955,nan
8956,nan
8957,nan
8958,nan
8959,nan
8960,nan
8961,nan
8962,nan
8963,nan
8964,nan
8965,nan
8966,nan
8967,nan
8968,nan
8969,nan
8970,nan
8971,nan
8972,nan
8973,nan
8974,nan
8975,nan
8976,nan
8977,nan
8978,nan
8979,nan
8980,nan
8981,nan
8982,nan
8983,nan
8984,nan
8985,nan
8986,nan
8987,nan
8988,nan
8989,nan
8990,nan
8991,nan
8992,nan
8993,nan
8994,nan
8995,nan
8996,nan
8997,nan
8998,nan
8999,nan
9000,nan
9001,nan
9002,nan
9003,nan
9004,nan
9005,nan
9006,nan
9007,nan
9008,nan
9009,nan
9010,nan
9011,nan
9012,nan
9013,nan
9014,nan
9015,nan
9016,nan
9017,nan
9018,nan
9019,nan
9020,nan
9021,nan
9022,nan
9023,nan
9024,nan
9025,nan
9026,nan
9027,nan
9028,nan
9029,nan
9030,nan
9031,nan
9032,nan
9033,nan
9034,nan
9035,nan
9036,nan
9037,nan
9038,nan
9039,nan
9040,nan
9041,nan
9042,nan
9043,nan
9044,nan
9045,nan
9046,nan
9047,nan
9048,nan
9049,nan
9050,nan
9051,nan
9052,nan
9053,nan
9054,nan
9055,nan
9056,nan
9057,nan
9058,nan
9059,nan
9060,nan
9061,nan
9062,nan
9063,nan
9064,nan
9065,nan
9066,nan
9067,nan
9068,nan
9069,nan
9070,nan
9071,nan
9072,nan
9073,nan
9074,nan
9075,nan
9076,nan
9077,nan
9078,nan
9079,nan
9080,nan
9081,nan
9082,nan
9083,nan
9084,nan
9085,nan
9086,nan
9087,nan
9088,nan
9089,nan
9090,nan
9091,nan
9092,nan
9093,nan
9094,nan
9095,nan
9096,nan
9097,nan
9098,nan
9099,nan
9100,nan
9101,nan
9102,nan
9103,nan
9104,nan
9105,nan
9106,nan
9107,nan
9108,nan
9109,nan
9110,nan
9111,nan
9112,nan
9113,nan
9114,nan
9115,nan
9116,nan
9117,nan
9118,nan
9119,nan
9120,nan
9121,nan
9122,nan
9123,nan
9124,nan
9125,nan
9126,nan
9127,nan
9128,nan
9129,nan
9130,nan
9131,nan
9132,nan
9133,nan
9134,nan
9135,nan
9136,nan
9137,nan
9138,nan
9139,nan
9140,nan
9141,nan
9142,nan
9143,nan
9144,nan
9145,nan
9146,nan
9147,nan
9148,nan
9149,nan
9150,nan
9151,nan
9152,nan
9153,nan
9154,nan
9155,nan
9156,nan
9157,nan
9158,nan
9159,nan
9160,nan
9161,nan
9162,nan
9163,nan
9164,nan
9165,nan
9166,nan
9167,nan
9168,nan
9169,nan
9170,nan
9171,nan
9172,nan
9173,nan
9174,nan
9175,nan
9176,nan
9177,nan
9178,nan
9179,nan
9180,nan
9181,nan
9182,nan
9183,nan
9184,nan
9185,nan
9186,nan
9187,nan
9188,nan
9189,nan
9190,nan
9191,nan
9192,nan
9193,nan
9194,nan
9195,nan
9196,nan
9197,nan
9198,nan
9199,nan
9200,nan
9201,nan
9202,nan
9203,nan
9204,nan
9205,nan
9206,nan
9207,nan
9208,nan
9209,nan
9210,nan
9211,nan
9212,nan
9213,nan
9214,nan
9215,nan
9216,nan
9217,nan
9218,nan
9219,nan
9220,nan
9221,nan
9222,nan
9223,nan
9224,nan
9225,nan
9226,nan
9227,nan
9228,nan
9229,nan
9230,nan
9231,nan
9232,nan
9233,nan
9234,nan
9235,nan
9236,nan
9237,nan
9238,nan
9239,nan
9240,nan
9241,nan
9242,nan
9243,nan
9244,nan
9245,nan
9246,nan
9247,nan
9248,nan
9249,nan
9250,nan
9251,nan
9252,nan
9253,nan
9254,nan
9255,nan
9256,nan
9257,nan
9258,nan
9259,nan
9260,nan
9261,nan
9262,nan
9263,nan
9264,nan
9265,nan
9266,nan
9267,nan
9268,nan
9269,nan
9270,nan
9271,nan
9272,nan
9273,nan
9274,nan
9275,nan
9276,nan
9277,nan
9278,nan
9279,nan
9280,nan
9281,nan
9282,nan
9283,nan
9284,nan
9285,nan
9286,nan
9287,nan
9288,nan
9289,nan
9290,nan
9291,nan
9292,nan
9293,nan
9294,nan
9295,nan
9296,nan
9297,nan
9298,nan
9299,nan
9300,nan
9301,nan
9302,nan
9303,nan
9304,nan
9305,nan
9306,nan
9307,nan
9308,nan
9309,nan
9310,nan
9311,nan
9312,nan
9313,nan
9314,nan
9315,nan
9316,nan
9317,nan
9318,nan
9319,nan
9320,nan
9321,nan
9322,nan
9323,nan
9324,nan
9325,nan
9326,nan
9327,nan
9328,nan
9329,nan
9330,nan
9331,nan
9332,nan
9333,nan
9334,nan
9335,nan
9336,nan
9337,nan
9338,nan
9339,nan
9340,nan
9341,nan
9342,nan
9343,nan
9344,nan
9345,nan
9346,nan
9347,nan
9348,nan
9349,nan
9350,nan
9351,nan
9352,nan
9353,nan
9354,nan
9355,nan
9356,nan
9357,nan
9358,nan
9359,nan
9360,nan
9361,nan
9362,nan
9363,nan
9364,nan
9365,nan
9366,nan
9367,nan
9368,nan
9369,nan
9370,nan
9371,nan
9372,nan
9373,nan
9374,nan
9375,nan
9376,nan
9377,nan
9378,nan
9379,nan
9380,nan
9381,nan
9382,nan
9383,nan
9384,nan
9385,nan
9386,nan
9387,nan
9388,nan
9389,nan
9390,nan
9391,nan
9392,nan
9393,nan
9394,nan
9395,nan
9396,nan
9397,nan
9398,nan
9399,nan
9400,nan
9401,nan
9402,nan
9403,nan
9404,nan
9405,nan
9406,nan
9407,nan
9408,nan
9409,nan
9410,nan
9411,nan
9412,nan
9413,nan
9414,nan
9415,nan
9416,nan
9417,nan
9418,nan
9419,nan
9420,nan
9421,nan
9422,nan
9423,nan
9424,nan
9425,nan
9426,nan
9427,nan
9428,nan
9429,nan
9430,nan
9431,nan
9432,nan
9433,nan
9434,nan
9435,nan
9436,nan
9437,nan
9438,nan
9439,nan
9440,nan
9441,nan
9442,nan
9443,nan
9444,nan
9445,nan
9446,nan
9447,nan
9448,nan
9449,nan
9450,nan
9451,nan
9452,nan
9453,nan
9454,nan
9455,nan
9456,nan
9457,nan
9458,nan
9459,nan
9460,nan
9461,nan
9462,nan
9463,nan
9464,nan
9465,nan
9466,nan
9467,nan
9468,nan
9469,nan
9470,nan
9471,nan
9472,nan
9473,nan
9474,nan
9475,nan
9476,nan
9477,nan
9478,nan
9479,nan
9480,nan
9481,nan
9482,nan
9483,nan
9484,nan
9485,nan
9486,nan
9487,nan
9488,nan
9489,nan
9490,nan
9491,nan
9492,nan
9493,nan
9494,nan
9495,nan
9496,nan
9497,nan
9498,nan
9499,nan
9500,nan
9501,nan
9502,nan
9503,nan
9504,nan
9505,nan
9506,nan
9507,nan
9508,nan
9509,nan
9510,nan
9511,nan
9512,nan
9513,nan
9514,nan
9515,nan
9516,nan
9517,nan
9518,nan
9519,nan
9520,nan
9521,nan
9522,nan
9523,nan
9524,nan
9525,nan
9526,nan
9527,nan
9528,nan
9529,nan
9530,nan
9531,nan
9532,nan
9533,nan
9534,nan
9535,nan
9536,nan
9537,nan
9538,nan
9539,nan
9540,nan
9541,nan
9542,nan
9543,nan
9544,nan
9545,nan
9546,nan
9547,nan
9548,nan
9549,nan
9550,nan
9551,nan
9552,nan
9553,nan
9554,nan
9555,nan
9556,nan
9557,nan
9558,nan
9559,nan
9560,nan
9561,nan
9562,nan
9563,nan
9564,nan
9565,nan
9566,nan
9567,nan
9568,nan
9569,nan
9570,nan
9571,nan
9572,nan
9573,nan
9574,nan
9575,nan
9576,nan
9577,nan
9578,nan
9579,nan
9580,nan
9581,nan
9582,nan
9583,nan
9584,nan
9585,nan
9586,nan
9587,nan
9588,nan
9589,nan
9590,nan
9591,nan
9592,nan
9593,nan
9594,nan
9595,nan
9596,nan
9597,nan
9598,nan
9599,nan
9600,nan
9601,nan
9602,nan
9603,nan
9604,nan
9605,nan
9606,nan
9607,nan
9608,nan
9609,nan
9610,nan
9611,nan
9612,nan
9613,nan
9614,nan
9615,nan
9616,nan
9617,nan
9618,nan
9619,nan
9620,nan
9621,nan
9622,nan
9623,nan
9624,nan
9625,nan
9626,nan
9627,nan
9628,nan
9629,nan
9630,nan
9631,nan
9632,nan
9633,nan
9634,nan
9635,nan
9636,nan
9637,nan
9638,nan
9639,nan
9640,nan
9641,nan
9642,nan
9643,nan
9644,nan
9645,nan
9646,nan
9647,nan
9648,nan
9649,nan
9650,nan
9651,nan
9652,nan
9653,nan
9654,nan
9655,nan
9656,nan
9657,nan
9658,nan
9659,nan
9660,nan
9661,nan
9662,nan
9663,nan
9664,nan
9665,nan
9666,nan
9667,nan
9668,nan
9669,nan
9670,nan
9671,nan
9672,nan
9673,nan
9674,nan
9675,nan
9676,nan
9677,nan
9678,nan
9679,nan
9680,nan
9681,nan
9682,nan
9683,nan
9684,nan
9685,nan
9686,nan
9687,nan
9688,nan
9689,nan
9690,nan
9691,nan
9692,nan
9693,nan
9694,nan
9695,nan
9696,nan
9697,nan
9698,nan
9699,nan
9700,nan
9701,nan
9702,nan
9703,nan
9704,nan
9705,nan
9706,nan
9707,nan
9708,nan
9709,nan
9710,nan
9711,nan
9712,nan
9713,nan
9714,nan
9715,nan
9716,nan
9717,nan
9718,nan
9719,nan
9720,nan
9721,nan
9722,nan
9723,nan
9724,nan
9725,nan
9726,nan
9727,nan
9728,nan
9729,nan
9730,nan
9731,nan
9732,nan
9733,nan
9734,nan
9735,nan
9736,nan
9737,nan
9738,nan
9739,nan
9740,nan
9741,nan
9742,nan
9743,nan
9744,nan
9745,nan
9746,nan
9747,nan
9748,nan
9749,nan
9750,nan
9751,nan
9752,nan
9753,nan
9754,nan
9755,nan
9756,nan
9757,nan
9758,nan
9759,nan
9760,nan
9761,nan
9762,nan
9763,nan
9764,nan
9765,nan
9766,nan
9767,nan
9768,nan
9769,nan
9770,nan
9771,nan
9772,nan
9773,nan
9774,nan
9775,nan
9776,nan
9777,nan
9778,nan
9779,nan
9780,nan
9781,nan
9782,nan
9783,nan
9784,nan
9785,nan
9786,nan
9787,nan
9788,nan
9789,nan
9790,nan
9791,nan
9792,nan
9793,nan
9794,nan
9795,nan
9796,nan
9797,nan
9798,nan
9799,nan
9800,nan
9801,nan
9802,nan
9803,nan
9804,nan
9805,nan
9806,nan
9807,nan
9808,nan
9809,nan
9810,nan
9811,nan
9812,nan
9813,nan
9814,nan
9815,nan
9816,nan
9817,nan
9818,nan
9819,nan
9820,nan
9821,nan
9822,nan
9823,nan
9824,nan
9825,nan
9826,nan
9827,nan
9828,nan
9829,nan
9830,nan
9831,nan
9832,nan
9833,nan
9834,nan
9835,nan
9836,nan
9837,nan
9838,nan
9839,nan
9840,nan
9841,nan
9842,nan
9843,nan
9844,nan
9845,nan
9846,nan
9847,nan
9848,nan
9849,nan
9850,nan
9851,nan
9852,nan
9853,nan
9854,nan
9855,nan
9856,nan
9857,nan
9858,nan
9859,nan
9860,nan
9861,nan
9862,nan
9863,nan
9864,nan
9865,nan
9866,nan
9867,nan
9868,nan
9869,nan
9870,nan
9871,nan
9872,nan
9873,nan
9874,nan
9875,nan
9876,nan
9877,nan
9878,nan
9879,nan
9880,nan
9881,nan
9882,nan
9883,nan
9884,nan
9885,nan
9886,nan
9887,nan
9888,nan
9889,nan
9890,nan
9891,nan
9892,nan
9893,nan
9894,nan
9895,nan
9896,nan
9897,nan
9898,nan
9899,nan
9900,nan
9901,nan
9902,nan
9903,nan
9904,nan
9905,nan
9906,nan
9907,nan
9908,nan
9909,nan
9910,nan
9911,nan
9912,nan
9913,nan
9914,nan
9915,nan
9916,nan
9917,nan
9918,nan
9919,nan
9920,nan
9921,nan
9922,nan
9923,nan
9924,nan
9925,nan
9926,nan
9927,nan
9928,nan
9929,nan
9930,nan
9931,nan
9932,nan
9933,nan
9934,nan
9935,nan
9936,nan
9937,nan
9938,nan
9939,nan
9940,nan
9941,nan
9942,nan
9943,nan
9944,nan
9945,nan
9946,nan
9947,nan
9948,nan
9949,nan
9950,nan
9951,nan
9952,nan
9953,nan
9954,nan
9955,nan
9956,nan
9957,nan
9958,nan
9959,nan
9960,nan
9961,nan
9962,nan
9963,nan
9964,nan
9965,nan
9966,nan
9967,nan
9968,nan
9969,nan
9970,nan
9971,nan
9972,nan
9973,nan
9974,nan
9975,nan
9976,nan
9977,nan
9978,nan
9979,nan
9980,nan
9981,nan
9982,nan
9983,nan
9984,nan
9985,nan
9986,nan
9987,nan
9988,nan
9989,nan
9990,nan
9991,nan
9992,nan
9993,nan
9994,nan
9995,nan
9996,nan
9997,nan
9998,nan
9999,nan
10000,nan
